tree,depth,nodes,Selecting Bootstrapped Samples,Initialization of FindBestCondOblique,SampleProjection,ApplyProjection,Bucket Allocation & Initialization=0,Filling & Finalizing the Buckets,SortFeature,ScanSplits,Post-processing after Training all Trees,EvaluateProjection,FillExampleBucketSet (next 3 calls),,  ,Parameter,Value
0,0,1,0.000330803,0.0,0.0,0.0,0.0,0.0,0.0,0.0,0.0,0.0,0.0,,,rows,4096
0,1,1,0.0,0.000113455,0.0030211,0.0342656,6.171e-05,0.008603173,0.426571722,0.146008616,0.0,0.592958,0.440639515,,,cols,4096
0,2,2,0.0,0.000426854,0.00636007,0.04162758,0.000119125,0.009162696,0.440497006,0.154688709,0.0,0.6294565999999999,0.462698796,,,num_trees,10
0,3,4,0.0,0.000573067,0.01049513,0.05830084000000001,0.000225591,0.013256485,0.598957112,0.226677668,0.0,0.8778441300000001,0.634154499,,,tree_depth,-1
0,4,6,0.0,0.000670747,0.012076952,0.056674332,0.000276063,0.011722296,0.505089527,0.197023775,0.0,0.75487645,0.539407996,,,proj_density_factor,3
0,5,10,0.0,0.00083272,0.011964722,0.045599444,0.0003604,0.008382346,0.354781058,0.13041571799999999,0.0,0.53878226,0.387860877,,,max_projections,1000
0,6,14,0.0,0.000965861,0.017072485,0.058356032999999995,0.000486098,0.0119287,0.488306478,0.189707364,0.0,0.74901851,0.533476231,,,num_threads,1
0,7,14,0.0,0.001005619,0.017800474,0.059036440999999995,0.000525259,0.010439461,0.408694666,0.162809478,0.0,0.64436427,0.454954481,,,sort_method,SortFeature
0,8,10,0.0,0.000761396,0.012573415,0.052751445,0.000357665,0.005974302,0.230472129,0.086470405,0.0,0.36874101,0.262344092,,,cpu_model,Intel(R)_Core(TM)_Ultra_9_185H
0,9,12,0.0,0.000871439,0.014163767,0.049139501,0.000392469,0.005564678,0.198226083,0.077526597,0.0,0.33151857,0.233236579,,,repeat_index,1
0,10,16,0.0,0.001357923,0.021536977,0.06706622500000001,0.000624009,0.006544394,0.206845357,0.088332788,0.0,0.3857222,0.262669258,,,,
0,11,26,0.0,0.002404524,0.038257341,0.08442335299999999,0.001088701,0.007570005,0.211097282,0.096117592,0.0,0.43765476,0.289698715,,,,
0,12,38,0.0,0.003825879,0.062981472,0.100077539,0.001791386,0.008344128,0.194540128,0.083575529,0.0,0.46905829,0.312878616,,,,
0,13,28,0.0,0.0028580339999999997,0.046974294,0.085040076,0.001285387,0.008638259,0.242572239,0.114308264,0.0,0.51771382,0.341123222,,,,
0,14,30,0.0,0.002592725,0.044307761,0.080199583,0.001272514,0.008424895,0.228687505,0.110160179,0.0,0.48734580000000005,0.320630616,,,,
0,15,32,0.0,0.003181748,0.050834659,0.072198161,0.001454636,0.00622598,0.134363497,0.064044935,0.0,0.35856098,0.232001791,,,,
0,16,38,0.0,0.0033909,0.053624981,0.06749916,0.001625988,0.005848327,0.111044384,0.049868271,0.0,0.32340679,0.209837601,,,,
0,17,24,0.0,0.00171808,0.027045516,0.047076398,0.000875477,0.003895457,0.083946526,0.037050271,0.0,0.20803939,0.136836318,,,,
0,18,28,0.0,0.002065235,0.031611137,0.046545124,0.001005068,0.004061117,0.084368335,0.042312968,0.0,0.2274807,0.144873551,,,,
0,19,26,0.0,0.001467129,0.022120110999999998,0.033161864,0.000825094,0.002843873,0.051712793,0.024846451,0.0,0.1496859,0.09641146,,,,
0,20,20,0.0,0.001030453,0.016697243,0.028305946,0.000598706,0.002277819,0.041117047,0.02046473,0.0,0.11258319,0.071413091,,,,
0,21,22,0.0,0.001297901,0.018818861,0.028817636,0.000654444,0.002058347,0.030637923,0.015873726,0.0,0.10044027999999999,0.062769935,,,,
0,22,18,0.0,0.001234973,0.015960507999999998,0.020634098,0.000565945,0.001667809,0.02252237,0.010873682,0.0,0.08118808,0.050955383,,,,
0,23,16,0.0,0.000892881,0.015028978,0.016461183,0.000531932,0.001325336,0.01530376,0.007831699,0.0,0.06724827,0.041014373,,,,
0,24,14,0.0,0.000867453,0.012582894,0.013492141,0.000442375,0.001056403,0.011515446,0.004847649,0.0,0.05200128,0.0326179,,,,
0,25,8,0.0,0.000301902,0.004836244,0.004494434,0.00020895900000000002,0.000445288,0.003886165,0.00193484,0.0,0.0221324,0.013487428,,,,
0,26,4,0.0,0.000160012,0.002493336,0.002885502,0.000103793,0.000265464,0.00281907,0.00095958,0.0,0.01208489,0.007734883,,,,
0,27,2,0.0,7.320800000000001e-05,0.0011613790000000001,0.000567894,5.222e-05,8.3373e-05,0.000172942,0.000118281,0.0,0.00424212,0.002497308,,,,
1,0,1,0.00028197,0.0,0.0,0.0,0.0,0.0,0.0,0.0,0.0,0.0,0.0,,,,
1,1,1,0.0,4.3847e-05,0.00100902,0.0210974,2.8625e-05,0.004996298,0.261966508,0.075854297,0.0,0.347605,0.268409269,,,,
1,2,2,0.0,9.894299999999999e-05,0.004319935,0.043584576,9.0886e-05,0.010516742,0.527387855,0.212108278,0.0,0.76782565,0.546751078,,,,
1,3,4,0.0,0.00040121,0.007699805,0.055414777,0.000190725,0.013918727,0.631692509,0.267243562,0.0,0.9442605300000001,0.662329087,,,,
1,4,4,0.0,0.000641863,0.01082469,0.059750761,0.000265141,0.013438898,0.621236318,0.263650356,0.0,0.94445906,0.660580632,,,,
1,5,4,0.0,0.000603246,0.009431792,0.04596268,0.00022072499999999998,0.009101964,0.390518427,0.165059667,0.0,0.60301348,0.421645861,,,,
1,6,8,0.0,0.001048203,0.015371472,0.05199516,0.000400735,0.008745136,0.348398045,0.149371537,0.0,0.56250704,0.389332197,,,,
1,7,14,0.0,0.001653528,0.02876817,0.077674767,0.0007500849999999999,0.009906881,0.341036185,0.159420197,0.0,0.60777094,0.408824926,,,,
1,8,16,0.0,0.00145977,0.023456327,0.082101902,0.000657537,0.009358069,0.307246246,0.149404475,0.0,0.54759784,0.364283189,,,,
1,9,32,0.0,0.002717196,0.04122944,0.096237725,0.001193299,0.010683904,0.318196256,0.160710678,0.0,0.61745663,0.402899202,,,,
1,10,38,0.0,0.002644854,0.037592748,0.079140723,0.001276188,0.007672188,0.199327302,0.093454785,0.0,0.41652906,0.273791417,,,,
1,11,48,0.0,0.003353694,0.051779248,0.08999788,0.001689653,0.008020314,0.185067442,0.093731748,0.0,0.4410143,0.282535779,,,,
1,12,46,0.0,0.003406436,0.052948287000000004,0.086877927,0.001662022,0.007482064,0.16039228,0.082083406,0.0,0.40777881,0.259395861,,,,
1,13,48,0.0,0.003425897,0.054453234,0.079514845,0.001698474,0.006490648,0.121303543,0.062322997,0.0,0.34848642,0.220121829,,,,
1,14,38,0.0,0.002227925,0.03804053,0.075181587,0.001214258,0.005417037,0.103351345,0.055561281,0.0,0.26976409,0.17016332,,,,
1,15,40,0.0,0.002404241,0.037054411,0.061614565,0.001259662,0.004590262,0.077199683,0.040294168,0.0,0.24733439,0.15566489,,,,
1,16,44,0.0,0.002855918,0.043252988,0.050734861,0.001484975,0.004119764,0.054585111,0.030079405,0.0,0.22303219,0.137600038,,,,
1,17,32,0.0,0.001773197,0.027724083,0.035053506,0.001090427,0.002862371,0.038514215,0.021775973,0.0,0.15303134,0.094562794,,,,
1,18,28,0.0,0.002109163,0.031103378,0.028803684,0.001014556,0.002542379,0.02859156,0.012523421,0.0,0.13398041,0.084329807,,,,
1,19,18,0.0,0.000728776,0.012816019,0.012286949,0.0005012840000000001,0.001149779,0.011039103,0.00394463,0.0,0.05451491,0.034400935,,,,
1,20,6,0.0,0.00024148100000000001,0.004633802,0.0030415299999999998,0.000179782,0.000327156,0.001711112,0.000974605,0.0,0.01685214,0.010199403,,,,
1,21,2,0.0,0.000358578,0.00471753,0.0024387000000000002,0.000127774,0.00020961,0.000560707,0.000344172,0.0,0.01119601,0.006784067,,,,
2,0,1,0.000283952,0.0,0.0,0.0,0.0,0.0,0.0,0.0,0.0,0.0,0.0,,,,
2,1,1,0.0,4.3055e-05,0.00366482,0.0498159,9.564e-05,0.01239531,0.61289178,0.225869107,0.0,0.868946,0.63439674,,,,
2,2,2,0.0,0.00028542,0.00368841,0.04178917,8.933899999999999e-05,0.009703492,0.475398168,0.169875639,0.0,0.6684232999999999,0.491491652,,,,
2,3,4,0.0,0.000417122,0.007158592,0.03280999,0.00018484,0.005846387,0.265006067,0.086926962,0.0,0.3769537,0.280678054,,,,
2,4,8,0.0,0.000931057,0.01282196,0.036914238,0.000364971,0.006082155,0.243634822,0.08126213,0.0,0.36957059,0.270849281,,,,
2,5,12,0.0,0.001004211,0.017715493,0.051995665,0.000504598,0.00622027,0.241872917,0.083847567,0.0,0.38006136999999995,0.275307089,,,,
2,6,18,0.0,0.001279248,0.016189144,0.043586098000000004,0.000545301,0.005724458,0.215878775,0.07317158,0.0,0.3425238,0.247875216,,,,
2,7,24,0.0,0.001208776,0.018036375,0.044042884,0.000655596,0.005935175,0.219571557,0.074602672,0.0,0.3542379,0.255636685,,,,
2,8,24,0.0,0.001022675,0.016095608,0.036730797,0.000628643,0.005209023,0.190470796,0.063572961,0.0,0.3102063,0.224059334,,,,
2,9,22,0.0,0.000979492,0.017574865,0.042440487,0.000606733,0.006640057,0.240723671,0.09535856,0.0,0.39720485,0.277286719,,,,
2,10,20,0.0,0.00123999,0.019015673,0.046983877,0.000602449,0.007449555,0.266211478,0.110260345,0.0,0.43696209,0.303137995,,,,
2,11,20,0.0,0.001269502,0.01891587,0.040376521,0.000624277,0.005366293,0.170765384,0.069473897,0.0,0.29824102,0.205771486,,,,
2,12,18,0.0,0.001207946,0.020258425,0.04808117,0.000587302,0.005895553,0.186200006,0.082335464,0.0,0.33607612,0.226742109,,,,
2,13,26,0.0,0.002164641,0.033068902,0.06031057,0.000915269,0.006081508,0.165839335,0.076599831,0.0,0.33420741,0.22247489,,,,
2,14,26,0.0,0.001888868,0.027885214,0.059295212,0.00084846,0.005154246,0.124328366,0.057281782,0.0,0.26681759,0.17529502,,,,
2,15,30,0.0,0.001758227,0.028685251,0.054244749,0.000896424,0.004918312,0.105422559,0.050243282,0.0,0.24280146,0.157854394,,,,
2,16,34,0.0,0.001756892,0.031088872,0.061376787,0.001003574,0.004998399,0.10044653,0.049281555,0.0,0.24490467999999999,0.15749771,,,,
2,17,38,0.0,0.002543521,0.040805858,0.061029027,0.001227183,0.00472299,0.08277951,0.03999177,0.0,0.2271368,0.145254507,,,,
2,18,42,0.0,0.002437986,0.0384061,0.043487988,0.001261158,0.003796952,0.053086142,0.026257087,0.0,0.18845191,0.11764073,,,,
2,19,30,0.0,0.001671092,0.024627403,0.031795870999999996,0.000881772,0.002702514,0.039524197,0.016433447,0.0,0.13334929,0.085972815,,,,
2,20,22,0.0,0.00095353,0.016893873,0.019860681,0.000624604,0.001724283,0.021419003,0.010401126,0.0,0.08241764,0.051346128,,,,
2,21,16,0.0,0.001202233,0.017865213,0.016327647,0.000568024,0.001421349,0.0160527,0.007216631,0.0,0.06956573,0.043962996,,,,
2,22,6,0.0,0.000496562,0.007520082,0.00811708,0.00023149,0.000648954,0.008588178,0.003610866,0.0,0.03163033,0.020166296,,,,
2,23,8,0.0,0.000543725,0.007299962,0.006475871,0.000256036,0.00062717,0.006969594,0.0021459,0.0,0.03010958,0.019273608,,,,
3,0,1,0.000690008,0.0,0.0,0.0,0.0,0.0,0.0,0.0,0.0,0.0,0.0,,,,
3,1,1,0.0,0.000133249,0.00387811,0.0400638,0.000320249,0.01001528,0.497996834,0.177582793,0.0,0.698705,0.513902837,,,,
3,2,2,0.0,0.00016688,0.002088156,0.02423337,5.7782000000000003e-05,0.005345625,0.261575478,0.080563066,0.0,0.3548941,0.269883644,,,,
3,3,4,0.0,0.000322147,0.0055850430000000005,0.03527226,0.000145248,0.006326112,0.274970478,0.097043605,0.0,0.3950469,0.289575366,,,,
3,4,8,0.0,0.000661653,0.011758122,0.0587649,0.000280442,0.009917907,0.410629039,0.162516419,0.0,0.6128535900000001,0.436289544,,,,
3,5,16,0.0,0.001172994,0.017711945,0.056565732,0.00052246,0.007144068,0.253498421,0.099614968,0.0,0.41137597000000004,0.289812015,,,,
3,6,28,0.0,0.002208622,0.03589066,0.07851877,0.001035621,0.008758806,0.269228771,0.115398391,0.0,0.49189283,0.334981806,,,,
3,7,36,0.0,0.003247308,0.0487934,0.083977552,0.001399463,0.007896266,0.21245736,0.086585237,0.0,0.43243251,0.293643073,,,,
3,8,36,0.0,0.003486116,0.053799023,0.067042379,0.001565464,0.006981092,0.178164318,0.072260973,0.0,0.39670231,0.267958839,,,,
3,9,34,0.0,0.002882816,0.045251788,0.062170634,0.001394591,0.006203201,0.157400993,0.063130707,0.0,0.34339975,0.231818666,,,,
3,10,32,0.0,0.002924434,0.041854644,0.061894011,0.001241582,0.005870929,0.141907335,0.057776006,0.0,0.31230037,0.210555157,,,,
3,11,30,0.0,0.002801379,0.040326996,0.051233787,0.001357321,0.004984746,0.120006563,0.049719686,0.0,0.27600197,0.184172488,,,,
3,12,28,0.0,0.002300116,0.032969461,0.044577605,0.001021563,0.004368612,0.105690633,0.041302479,0.0,0.23463736000000002,0.158752742,,,,
3,13,22,0.0,0.001394833,0.020565197,0.03413472,0.000677015,0.003312322,0.085718951,0.034744904,0.0,0.18034961,0.121996303,,,,
3,14,26,0.0,0.001526886,0.020097933,0.034075869,0.0007309700000000001,0.003334776,0.074398386,0.030033154,0.0,0.16694265,0.111596411,,,,
3,15,16,0.0,0.0009352970000000001,0.012640681,0.026875153,0.00044610200000000003,0.002467965,0.059029388,0.02528962,0.0,0.12358111000000001,0.082245312,,,,
3,16,14,0.0,0.000809175,0.011536873,0.027996249,0.000380542,0.002175689,0.049261397,0.022732443,0.0,0.10767722,0.070499103,,,,
3,17,20,0.0,0.001157431,0.016247059,0.032284759999999996,0.000585381,0.002350293,0.043994318,0.020175701,0.0,0.11291456999999999,0.073003501,,,,
3,18,20,0.0,0.001161915,0.015805601,0.026568803000000002,0.00057984,0.002034643,0.032754274,0.015550411,0.0,0.09601182,0.06084874,,,,
3,19,24,0.0,0.001354644,0.018842173,0.024416546,0.000674724,0.001850629,0.023332266,0.011463702,0.0,0.0897064,0.055709988,,,,
3,20,22,0.0,0.00139998,0.017140297,0.019623781,0.0006294170000000001,0.001519502,0.016168497,0.00741763,0.0,0.07470231,0.046318446,,,,
3,21,14,0.0,0.000758908,0.010694835,0.010212107,0.00039069,0.000895172,0.008354851,0.004085121,0.0,0.04351351,0.026753313,,,,
3,22,4,0.0,0.000237326,0.003520376,0.005475596,0.000111267,0.000370179,0.005379413,0.002082038,0.0,0.01678229,0.010856298,,,,
3,23,4,0.0,0.000272602,0.003003667,0.002621355,0.000104164,0.000221624,0.001347038,0.000741101,0.0,0.01082512,0.006380473,,,,
3,24,4,0.0,0.000207765,0.003705139,0.002052346,0.000110188,0.000202088,0.000953605,0.000409613,0.0,0.01002449,0.006090783,,,,
4,0,1,0.000283388,0.0,0.0,0.0,0.0,0.0,0.0,0.0,0.0,0.0,0.0,,,,
4,1,1,0.0,4.5555e-05,0.00133739,0.0225694,5.3936e-05,0.005399388,0.28326276,0.082545858,0.0,0.377233,0.290803972,,,,
4,2,2,0.0,0.000148954,0.002004507,0.02414714,6.0516e-05,0.005211553,0.265338002,0.078565846,0.0,0.3564434,0.273469908,,,,
4,3,4,0.0,0.000204582,0.003194998,0.026327861,0.000107941,0.005125424,0.23535295,0.075859247,0.0,0.327572,0.245634433,,,,
4,4,6,0.0,0.00032134,0.00463889,0.031165580000000002,0.000158119,0.005203291,0.224967549,0.075625155,0.0,0.32143396999999996,0.237813536,,,,
4,5,12,0.0,0.000553055,0.008753781,0.038725692,0.00031609,0.005554212,0.217989197,0.076769983,0.0,0.32870467,0.238486858,,,,
4,6,20,0.0,0.00093854,0.014009377,0.046022435,0.000526439,0.005929914,0.20741874800000001,0.074937631,0.0,0.33331898,0.237950524,,,,
4,7,26,0.0,0.001200895,0.018560543,0.049193705,0.00067831,0.005846549,0.18732668,0.071639553,0.0,0.32192835,0.224983679,,,,
4,8,32,0.0,0.001464813,0.022753204,0.053291401,0.000845477,0.005893845,0.168669814,0.067653,0.0,0.3119074,0.213729488,,,,
4,9,34,0.0,0.001547889,0.023876087,0.055914186,0.000894396,0.005661213,0.147472529,0.062429197,0.0,0.28902223,0.194519369,,,,
4,10,38,0.0,0.001798423,0.02652728,0.060317142,0.001022719,0.005429977,0.130549874,0.056769606,0.0,0.27514091,0.182490021,,,,
4,11,52,0.0,0.002426232,0.035607723,0.066826213,0.001382486,0.005846863,0.114255547,0.051957386,0.0,0.28278273,0.183634605,,,,
4,12,48,0.0,0.002378299,0.034823719,0.05929921,0.001286475,0.005076073,0.092970802,0.041899374,0.0,0.24339832,0.157129161,,,,
4,13,48,0.0,0.002368321,0.034002977,0.051381399,0.001327111,0.004302606,0.069864983,0.033049508,0.0,0.20932726,0.133000622,,,,
4,14,32,0.0,0.001705268,0.023871565,0.040603541,0.000874969,0.003102916,0.049545271,0.024708393,0.0,0.1473355,0.09271765,,,,
4,15,34,0.0,0.001844442,0.02536709,0.036506888,0.000956483,0.00288748,0.039266039,0.019417284,0.0,0.13693563,0.085227523,,,,
4,16,26,0.0,0.001374936,0.019978561,0.028278804,0.000756934,0.002137624,0.028953687,0.013767272,0.0,0.10233905,0.064083135,,,,
4,17,28,0.0,0.001375592,0.020170194,0.022521878999999998,0.000764664,0.001837022,0.020835432,0.007992567,0.0,0.08989798,0.056826475,,,,
4,18,12,0.0,0.000629011,0.008789599,0.00773922,0.000328713,0.00071195,0.005463904,0.002444526,0.0,0.034087690000000004,0.020787282,,,,
4,19,2,0.0,9.2975e-05,0.001521194,0.002159921,5.1737e-05,0.0001755,0.002671017,0.00083033,0.0,0.00782308,0.005226084,,,,
5,0,1,0.000278523,0.0,0.0,0.0,0.0,0.0,0.0,0.0,0.0,0.0,0.0,,,,
5,1,1,0.0,4.299e-05,0.00102411,0.0211459,2.9161e-05,0.004981453,0.262442457,0.076440452,0.0,0.348704,0.268876317,,,,
5,2,2,0.0,0.000109983,0.002431386,0.0296236,6.2401e-05,0.006880443,0.346848118,0.113264589,0.0,0.47748561,0.3586793,,,,
5,3,4,0.0,0.000381079,0.006956801,0.043807761,0.000159984,0.008912277,0.39636397,0.145800383,0.0,0.58000504,0.421612001,,,,
5,4,8,0.0,0.000519607,0.010450961,0.050148567,0.000283573,0.008773042,0.369411064,0.139093322,0.0,0.54741547,0.394269803,,,,
5,5,10,0.0,0.00099159,0.018585001,0.057685613000000004,0.000389432,0.009762913,0.409491019,0.155177752,0.0,0.61173609,0.439389953,,,,
5,6,14,0.0,0.001230982,0.017710530000000002,0.057038200000000004,0.000518349,0.010336422,0.433492668,0.163112111,0.0,0.65731798,0.472137068,,,,
5,7,14,0.0,0.000979219,0.015980798,0.04696033,0.000484932,0.006909834,0.269740878,0.100010518,0.0,0.41969989,0.300702924,,,,
5,8,22,0.0,0.0011753570000000001,0.017851134,0.047389034999999996,0.000609535,0.007723547,0.299797993,0.109897387,0.0,0.47283637,0.338830332,,,,
5,9,20,0.0,0.00097463,0.015788473,0.038846547,0.000534507,0.006110157,0.228972954,0.085802701,0.0,0.36689963,0.260827469,,,,
5,10,16,0.0,0.000746142,0.011067417,0.034208158,0.000420738,0.004678612,0.169505092,0.059671914,0.0,0.26884247,0.193375696,,,,
5,11,22,0.0,0.000991132,0.014725362,0.038866816,0.0005747700000000001,0.004734465,0.152851683,0.056697249,0.0,0.26097718,0.183619327,,,,
5,12,18,0.0,0.000882041,0.014530847,0.041135875,0.000509869,0.005308869,0.174281183,0.072202864,0.0,0.29433283,0.203180739,,,,
5,13,30,0.0,0.00150827,0.026545918,0.050743455,0.000830704,0.005087368,0.137087547,0.057862983,0.0,0.26740785,0.180360184,,,,
5,14,22,0.0,0.001671674,0.026122566,0.05805258,0.000754301,0.005649722,0.155951756,0.072403902,0.0,0.29786758,0.198635408,,,,
5,15,24,0.0,0.001783406,0.027148653000000002,0.053581855,0.000805977,0.004896669,0.123008229,0.057765677,0.0,0.25840795,0.169404842,,,,
5,16,32,0.0,0.002087568,0.033507298,0.066636558,0.001065081,0.005554964,0.124841844,0.062698889,0.0,0.2814599,0.180855295,,,,
5,17,36,0.0,0.00259954,0.040813859,0.06521271,0.001270474,0.005253445,0.099710685,0.050323978,0.0,0.26134114,0.166305958,,,,
5,18,36,0.0,0.00227665,0.037407927,0.050595131,0.001193211,0.004312211,0.070163318,0.035630753,0.0,0.21185435,0.133014528,,,,
5,19,34,0.0,0.002073931,0.029819019,0.038623242,0.001017224,0.003046016,0.043747031,0.022484901,0.0,0.15075087,0.093901892,,,,
5,20,36,0.0,0.00177575,0.025180428,0.033859107,0.000943948,0.00277667,0.034567625,0.016912804,0.0,0.12817197,0.079875046,,,,
5,21,30,0.0,0.001542657,0.023476662,0.026182437,0.000838314,0.002164265,0.024876252,0.013072225,0.0,0.10675126,0.065692987,,,,
5,22,18,0.0,0.001304279,0.019226998,0.020682054000000002,0.000613475,0.001637067,0.019552891,0.010673612,0.0,0.08246289,0.050674328,,,,
5,23,12,0.0,0.000775493,0.011808823999999999,0.012805204,0.000505923,0.000949101,0.010425968,0.005279225,0.0,0.04790096,0.02942554,,,,
5,24,6,0.0,0.000370663,0.00594085,0.005253224000000001,0.000193031,0.000464682,0.004647577,0.002455513,0.0,0.02254832,0.013847628,,,,
5,25,2,0.0,0.00032333199999999996,0.0048282099999999994,0.003698605,0.000120611,0.000302437,0.00348316,0.001053833,0.0,0.01446622,0.009537698,,,,
6,0,1,0.000284029,0.0,0.0,0.0,0.0,0.0,0.0,0.0,0.0,0.0,0.0,,,,
6,1,1,0.0,4.5918e-05,0.00125437,0.0208737,2.8704e-05,0.005035288,0.263436764,0.077079076,0.0,0.350593,0.270089171,,,,
6,2,2,0.0,0.00011213,0.003503809,0.03429373,7.1664e-05,0.007690959,0.395013914,0.136545366,0.0,0.5491525,0.406823748,,,,
6,3,4,0.0,0.000209952,0.003687023,0.028965739999999997,0.000112431,0.005787504,0.284469608,0.08999803,0.0,0.3921642,0.295758378,,,,
6,4,8,0.0,0.000536873,0.008941315,0.033598307,0.000269808,0.005543267,0.24721317,0.079991833,0.0,0.35746271999999996,0.265836201,,,,
6,5,12,0.0,0.000966002,0.014871289,0.041575243,0.000432909,0.006612715,0.276448858,0.094241559,0.0,0.41554420999999997,0.304181818,,,,
6,6,16,0.0,0.001313274,0.018798096,0.049546796000000004,0.000530727,0.008192784,0.31749705,0.124314188,0.0,0.4971237,0.351864923,,,,
6,7,12,0.0,0.00091627,0.014493772,0.049105844,0.000397488,0.007974333,0.302498351,0.124496887,0.0,0.47431587000000003,0.333230238,,,,
6,8,22,0.0,0.001349948,0.024706434,0.067834729,0.000710371,0.008559431,0.28701838,0.124107504,0.0,0.48302799999999996,0.33168609,,,,
6,9,28,0.0,0.002078261,0.033472734999999997,0.07003061,0.001015459,0.008269468,0.249625483,0.109108104,0.0,0.4518902,0.306842059,,,,
6,10,26,0.0,0.002311849,0.033488497,0.067507316,0.000981042,0.007387636,0.211064077,0.094144414,0.0,0.39897690999999996,0.268031302,,,,
6,11,32,0.0,0.002727941,0.041933769,0.077013888,0.001249253,0.007523431,0.19867906,0.091573331,0.0,0.40560619000000003,0.269037051,,,,
6,12,44,0.0,0.00446375,0.0666954,0.10212921999999999,0.00187367,0.009424294,0.213210573,0.107667536,0.0,0.4954673,0.319548242,,,,
6,13,42,0.0,0.003810286,0.062761825,0.092530008,0.001782759,0.007673916,0.156131319,0.081674517,0.0,0.40862555,0.26015665,,,,
6,14,38,0.0,0.003249789,0.050625405,0.08506052,0.001502631,0.006531055,0.124096304,0.06528178,0.0,0.32307342,0.20522647,,,,
6,15,46,0.0,0.00375031,0.05827267,0.076591035,0.001764739,0.005865182,0.092385825,0.046205108,0.0,0.28827187,0.182855992,,,,
6,16,50,0.0,0.004328665,0.066104877,0.066882568,0.002022764,0.005423186,0.068831297,0.034630623,0.0,0.27573713,0.173286383,,,,
6,17,42,0.0,0.003130783,0.048330997,0.044028381,0.001545928,0.003719485,0.039794461,0.019637,0.0,0.18787498,0.11612727,,,,
6,18,26,0.0,0.002086794,0.03166036,0.025293494,0.001046282,0.002228949,0.019589045,0.009429136,0.0,0.11220904,0.069276123,,,,
6,19,14,0.0,0.001070863,0.015764495,0.011708098,0.000511911,0.00107955,0.009687562,0.004261494,0.0,0.055421000000000005,0.034466028,,,,
6,20,10,0.0,0.000403955,0.00614765,0.005705192,0.000261707,0.000600835,0.005638343,0.001730736,0.0,0.02769294,0.017749223,,,,
7,0,1,0.000283008,0.0,0.0,0.0,0.0,0.0,0.0,0.0,0.0,0.0,0.0,,,,
7,1,1,0.0,4.9405e-05,0.00123361,0.0212193,2.8963e-05,0.004994571,0.261825368,0.076348459,0.0,0.348053,0.268344554,,,,
7,2,2,0.0,0.00013666699999999998,0.002362023,0.027361919999999998,6.2898e-05,0.006432803,0.317945505,0.100763147,0.0,0.43334467,0.327739903,,,,
7,3,4,0.0,0.000377238,0.005231085999999999,0.03089812,0.000130932,0.006363145,0.29009996,0.097509753,0.0,0.41170197999999997,0.305363886,,,,
7,4,6,0.0,0.000434229,0.007103217,0.032248897,0.00019689300000000001,0.005568894,0.241614373,0.07902161,0.0,0.35003826000000005,0.260318711,,,,
7,5,8,0.0,0.0006188470000000001,0.011272026000000001,0.04010384,0.000297001,0.006357802,0.254874508,0.094717535,0.0,0.38963947,0.280051717,,,,
7,6,16,0.0,0.001335282,0.020902049,0.056156988,0.00060353,0.0066952,0.229995416,0.088523842,0.0,0.3898299,0.27348501,,,,
7,7,24,0.0,0.001463024,0.025752432000000002,0.059990227,0.000792187,0.006578534,0.204534343,0.081301049,0.0,0.36844659,0.254623446,,,,
7,8,32,0.0,0.002104973,0.029778158,0.066148841,0.000986514,0.006570751,0.188689699,0.076856277,0.0,0.35525199,0.242560932,,,,
7,9,34,0.0,0.0021353879999999998,0.03612145,0.068740995,0.001086251,0.008601004,0.26722383,0.113867994,0.0,0.48272123000000006,0.328736271,,,,
7,10,30,0.0,0.001862405,0.02755567,0.059168287,0.0008601430000000001,0.007977197,0.252330048,0.109695099,0.0,0.44507221,0.303008865,,,,
7,11,28,0.0,0.002291328,0.039396627,0.067447326,0.001006497,0.008088646,0.250873347,0.114464187,0.0,0.46781945,0.313755097,,,,
7,12,32,0.0,0.002613806,0.040788603,0.069165434,0.001214082,0.007288849,0.19400416,0.089029732,0.0,0.40207866000000003,0.265703854,,,,
7,13,30,0.0,0.001945956,0.026621386,0.050258503,0.000893482,0.004888275,0.117398667,0.052484367,0.0,0.25616666,0.169261367,,,,
7,14,28,0.0,0.0015349159999999999,0.024333002,0.047860894,0.000832889,0.004062261,0.087938987,0.040134387,0.0,0.20314172,0.132680985,,,,
7,15,44,0.0,0.002866337,0.042508305,0.05932559,0.001424737,0.004846381,0.081651777,0.034623743,0.0,0.24113304,0.156460277,,,,
7,16,36,0.0,0.002175935,0.036562295,0.050496574,0.001168088,0.003928853,0.065988403,0.033862187,0.0,0.20445718,0.128216521,,,,
7,17,26,0.0,0.001536308,0.023092109,0.035379693,0.000794438,0.002653188,0.042593971,0.021790787,0.0,0.1356834,0.085049715,,,,
7,18,32,0.0,0.001897248,0.029631402,0.036954097,0.001017974,0.002944239,0.038174402,0.018076108,0.0,0.15203117,0.09467583,,,,
7,19,26,0.0,0.001919152,0.02664518,0.023461394,0.000903351,0.002082856,0.019724909,0.008751552,0.0,0.10749932,0.067388929,,,,
7,20,14,0.0,0.000613734,0.008991343,0.010657702,0.000365858,0.00088162,0.008144565,0.003501257,0.0,0.04070731,0.025222655,,,,
7,21,4,0.0,0.000161168,0.002554078,0.002998605,0.000103927,0.000230344,0.001978432,0.001121858,0.0,0.01144137,0.006914819,,,,
7,22,4,0.0,0.000167008,0.002496074,0.002072607,0.00010416700000000001,0.000208135,0.001202779,0.000617447,0.0,0.00998613,0.00599512,,,,
7,23,2,0.0,7.396e-05,0.001150669,0.0006579960000000001,5.2497e-05,8.5081e-05,0.000237314,0.000106185,0.0,0.0043424299999999996,0.002618766,,,,
8,0,1,0.000692024,0.0,0.0,0.0,0.0,0.0,0.0,0.0,0.0,0.0,0.0,,,,
8,1,1,0.0,0.000194015,0.00351494,0.0465506,6.9418e-05,0.012346041,0.586116736,0.212467895,0.0,0.824836,0.6051902,,,,
8,2,2,0.0,0.000209999,0.004284491,0.04047482,8.6218e-05,0.009329527,0.43091943,0.158951093,0.0,0.612486,0.446285756,,,,
8,3,4,0.0,0.000261222,0.004660697,0.03502467,0.00012551200000000001,0.007255798,0.315606298,0.114492009,0.0,0.45139180999999995,0.329393473,,,,
8,4,8,0.0,0.000409743,0.009790064,0.049330378999999994,0.000241931,0.008690255,0.3540097,0.139153696,0.0,0.5264853899999999,0.375421774,,,,
8,5,12,0.0,0.00084633,0.010426249,0.045093381,0.000319667,0.00590721,0.221394505,0.082559129,0.0,0.33924347,0.242982067,,,,
8,6,24,0.0,0.001401964,0.020458145,0.056786251,0.000668792,0.006372295,0.206142707,0.081784174,0.0,0.35126528,0.244220633,,,,
8,7,24,0.0,0.001474429,0.022183058,0.06245961,0.000692421,0.006899107,0.212849954,0.089104662,0.0,0.36842548,0.252934521,,,,
8,8,40,0.0,0.002661089,0.037338811,0.073972154,0.001208977,0.007138609,0.193432087,0.082832453,0.0,0.38330732,0.257107978,,,,
8,9,48,0.0,0.003101865,0.043397321,0.0704294,0.001480366,0.006699852,0.149585924,0.06292757,0.0,0.33912037,0.225406385,,,,
8,10,46,0.0,0.002966357,0.044060511,0.076932154,0.001459374,0.007065969,0.161609794,0.078919528,0.0,0.36962147,0.237535952,,,,
8,11,38,0.0,0.002413998,0.037230264,0.058280627,0.001240381,0.005446536,0.116867468,0.054909618,0.0,0.2755478,0.179106462,,,,
8,12,38,0.0,0.002635433,0.037396147,0.051709933,0.0012418800000000001,0.004683549,0.08911296,0.038774739,0.0,0.23336133,0.151979369,,,,
8,13,32,0.0,0.00238386,0.032316453,0.041776892,0.001058331,0.0036959609999999998,0.066186252,0.028820943,0.0,0.18446816,0.11987252,,,,
8,14,22,0.0,0.001120422,0.015990914,0.029961275,0.000575807,0.002474772,0.048397759,0.022610715,0.0,0.11938735,0.076856289,,,,
8,15,18,0.0,0.00113659,0.016625716,0.030349695,0.000542931,0.002264505,0.042159447,0.02143011,0.0,0.11175441,0.071197991,,,,
8,16,24,0.0,0.001530847,0.022389879,0.031487391,0.00073815,0.002442926,0.036723256,0.017667653,0.0,0.11732454,0.073731013,,,,
8,17,24,0.0,0.0016019229999999999,0.025457881,0.030955655999999998,0.000814856,0.002405614,0.032546039,0.017833138,0.0,0.11782317,0.073063264,,,,
8,18,20,0.0,0.001684624,0.02530925,0.025871515,0.000791723,0.002090387,0.025126057,0.011499461,0.0,0.10161547,0.064108392,,,,
8,19,16,0.0,0.001641484,0.021159275,0.014512997,0.000654936,0.001355193,0.009437419,0.004869851,0.0,0.06707365,0.041216727,,,,
8,20,12,0.0,0.00078046,0.01344614,0.011214593,0.000446126,0.001026872,0.009685289,0.00376384,0.0,0.04877918,0.031080799,,,,
8,21,4,0.0,0.00038823600000000003,0.005865604999999999,0.0048459869999999995,0.0001795,0.000415894,0.00412922,0.0014007,0.0,0.01989433,0.012848376,,,,
9,0,1,0.000289169,0.0,0.0,0.0,0.0,0.0,0.0,0.0,0.0,0.0,0.0,,,,
9,1,1,0.0,4.2779e-05,0.00107323,0.0211703,2.9037e-05,0.005437495,0.26574816,0.077879817,0.0,0.354346,0.272771428,,,,
9,2,2,0.0,0.00011370099999999999,0.0018977949999999999,0.02355744,5.2648e-05,0.005099114,0.248677645,0.077180787,0.0,0.3383421,0.256822051,,,,
9,3,4,0.0,0.000231018,0.003201812,0.02880676,0.000108733,0.005169826,0.224871936,0.076310994,0.0,0.3178539,0.235317446,,,,
9,4,8,0.0,0.000552631,0.008428,0.048681562,0.000248983,0.006183131,0.227374651,0.087771452,0.0,0.35377978,0.250819232,,,,
9,5,16,0.0,0.001356734,0.015723168,0.056040819,0.000496075,0.006371209,0.203581921,0.085029537,0.0,0.34747851,0.239007906,,,,
9,6,26,0.0,0.0014705809999999999,0.022909637,0.064355197,0.000790032,0.00662494,0.178947389,0.078266117,0.0,0.34001751,0.229938806,,,,
9,7,36,0.0,0.0019883599999999998,0.032145994,0.076446554,0.001109299,0.006749305,0.16243172,0.076018645,0.0,0.34850087,0.228746272,,,,
9,8,54,0.0,0.002878487,0.04579222,0.089705816,0.001620615,0.007224659,0.144877635,0.06758154,0.0,0.36194241,0.234758019,,,,
9,9,66,0.0,0.003535112,0.0534335,0.087826979,0.001927643,0.00716988,0.124417295,0.057553008,0.364404,0.35480656,0.227718657,,,,
9,10,62,0.0,0.0032721490000000002,0.050400659,0.071672921,0.001816295,0.005917049,0.089868114,0.042542474,0.0,0.28662930999999997,0.181708124,,,,
9,11,52,0.0,0.002376507,0.037397531,0.049984806,0.00143896,0.004351056,0.063528014,0.028537009,0.0,0.21215905,0.134828351,,,,
9,12,36,0.0,0.001679374,0.026797171,0.031297259,0.001013862,0.002854117,0.03690867,0.018282042,0.0,0.13975102,0.087241349,,,,
9,13,30,0.0,0.001433114,0.021903506,0.025902961000000002,0.000845243,0.002253278,0.02887213,0.012936536,0.0,0.1098398,0.069246281,,,,
9,14,14,0.0,0.000901341,0.013383818,0.016518318,0.000444105,0.001281038,0.017926946,0.008044577,0.0,0.06214447,0.039539312,,,,
9,15,10,0.0,0.000421843,0.006506503,0.008076742,0.00026514700000000003,0.000755637,0.011093183,0.005342072,0.0,0.03787006,0.023757496,,,,
9,16,6,0.0,0.000244052,0.003951171,0.006071804,0.000159762,0.000529193,0.008689846,0.004146578,0.0,0.02563697,0.016297298,,,,
9,17,4,0.0,0.000190352,0.002945787,0.00555677,0.00010406200000000001,0.000390194,0.006449416,0.003425812,0.0,0.01873665,0.011650589,,,,
9,18,8,0.0,0.000355733,0.005471689,0.00633493,0.000212297,0.000542642,0.005970043,0.002572856,0.0,0.025563060000000002,0.015994535,,,,
9,19,2,0.0,0.00010361100000000001,0.001470237,0.00234452,5.2233e-05,0.000159206,0.002352309,0.001282116,0.0,0.007996159999999999,0.004875263,,,,
9,20,4,0.0,0.000163516,0.002616008,0.002744948,0.00010454,0.00023575,0.001980698,0.000939711,0.0,0.01118721,0.00680824,,,,
9,21,2,0.0,7.4677e-05,0.001227063,0.001019991,5.1978e-05,0.000104317,0.000679668,0.000377932,0.0,0.00513331,0.003079404,,,,
9,22,2,0.0,7.4034e-05,0.001219806,0.0008245559999999999,5.2081e-05,9.7035e-05,0.000477518,0.00022471,0.0,0.00470763,0.002824493,,,,
