tree,depth,Selecting Bootstrapped Samples,Initialization of FindBestCondOblique,SampleProjection,ApplyProjection,Bucket Allocation & Initialization=0,Filling & Finalizing the Buckets,SortFeature,ScanSplits,Post-processing after Training all Trees,EvaluateProjection,FillExampleBucketSet (next 3 calls),,  ,Parameter,Value
0,0,5.8378e-05,0.0,0.0,0.0,0.0,0.0,0.0,0.0,0.0,0.0,0.0,,,rows,524288
0,1,0.0,5.311e-05,0.000510954,0.00181902,2.747e-05,0.000469568,0.0157546,0.006460483,0.0,0.0250716,0.01751413,,,cols,1024
0,2,0.0,6.7495e-05,0.000816715,0.001911317,5.3602e-05,0.000507724,0.014143668,0.006232214,0.0,0.02534939,0.01710366,,,num_trees,50
0,3,0.0,0.00012562199999999998,0.001462864,0.002172026,0.00010603,0.000557429,0.013135367,0.005949537,0.0,0.02814001,0.018436558,,,tree_depth,-1
0,4,0.0,0.000204643,0.002177157,0.002355995,0.000157223,0.000615186,0.011148914,0.004489644,0.0,0.028684420000000002,0.01877062,,,proj_density_factor,3
0,5,0.0,0.000253078,0.002775883,0.0018708,0.000212609,0.000499984,0.005688672,0.002362828,0.0,0.02474956,0.015540954,,,max_projections,1000
0,6,0.0,6.9831e-05,0.0007295089999999999,0.000516847,5.3669000000000004e-05,0.000130643,0.001376482,0.000873712,0.0,0.00656549,0.003859182,,,num_threads,1
0,7,0.0,0.000129989,0.001379701,0.0006672749999999999,0.000105331,0.000180933,0.001171886,0.000476488,0.0,0.009828139999999999,0.005951734,,,sort_method,SortFeature
1,0,2.0297e-05,0.0,0.0,0.0,0.0,0.0,0.0,0.0,0.0,0.0,0.0,,,cpu_model,Intel(R)_Core(TM)_Ultra_9_185H
1,1,0.0,2.7056e-05,0.000420819,0.00173147,2.6991e-05,0.000463719,0.01567797,0.006576165,0.0,0.0250893,0.017371002,,,repeat_index,1
1,2,0.0,6.0082e-05,0.000789118,0.0019164990000000001,5.3742e-05,0.000514126,0.014162642,0.006516349,0.0,0.025715639999999998,0.017161538,,,,
1,3,0.0,0.00011928399999999999,0.00149796,0.0021994690000000003,0.000106465,0.000579417,0.013076012,0.006228699,0.0,0.02852981,0.018493195,,,,
1,4,0.0,0.000176036,0.0021043669999999998,0.002250513,0.00015751600000000001,0.000593853,0.011753702,0.005605297,0.0,0.03032786,0.019405596,,,,
1,5,0.0,0.000169343,0.002075516,0.002044025,0.000157214,0.00056479,0.01088349,0.004528294,0.0,0.02823484,0.018461774,,,,
1,6,0.0,5.7369e-05,0.000731913,0.001219768,5.2891e-05,0.000330086,0.00850501,0.003457531,0.0,0.01653365,0.011167465,,,,
1,7,0.0,5.6952999999999995e-05,0.000719337,0.001205454,5.2193e-05,0.000316226,0.008136889,0.001862414,0.0,0.01448684,0.010831214,,,,
2,0,1.9504e-05,0.0,0.0,0.0,0.0,0.0,0.0,0.0,0.0,0.0,0.0,,,,
2,1,0.0,2.5888e-05,0.000427396,0.00182431,2.6179e-05,0.000470863,0.015791972,0.006621121,0.0,0.0252392,0.017502644,,,,
2,2,0.0,6.3075e-05,0.000761811,0.001931683,5.25e-05,0.0004973,0.014994816,0.006461282,0.0,0.02631187,0.017854614,,,,
2,3,0.0,0.000116029,0.001487391,0.002127093,0.000104646,0.000565141,0.013685057,0.006213605,0.0,0.02891784,0.019017544,,,,
2,4,0.0,0.000115279,0.001501427,0.002133192,0.00010492700000000001,0.000553569,0.011814072,0.00559643,0.0,0.02654844,0.017147517,,,,
2,5,0.0,0.00024130900000000002,0.002823333,0.0024845329999999997,0.000209913,0.000655378,0.010547228,0.004137963,0.0,0.03186173,0.02057735,,,,
2,6,0.0,0.000228715,0.002757567,0.0020498590000000002,0.000217996,0.0005406,0.008199122,0.002308717,0.0,0.02701789,0.017852788,,,,
2,7,0.0,5.2113999999999996e-05,0.000647268,0.00021742099999999998,5.2103e-05,7.8034e-05,0.000146665,0.000102941,0.0,0.00415391,0.002424411,,,,
3,0,1.9964e-05,0.0,0.0,0.0,0.0,0.0,0.0,0.0,0.0,0.0,0.0,,,,
3,1,0.0,2.7394e-05,0.000446124,0.00171596,2.661e-05,0.000468839,0.015726298,0.006546349,0.0,0.0251517,0.01747659,,,,
3,2,0.0,6.4952e-05,0.000871726,0.001899666,5.1763e-05,0.00050931,0.01382118,0.006407619,0.0,0.0251956,0.016756434,,,,
3,3,0.0,0.00013712700000000002,0.001579304,0.0021614620000000003,0.000109932,0.000574408,0.012886667,0.00615394,0.0,0.028052300000000002,0.018187298,,,,
3,4,0.0,0.00017846,0.002332439,0.0025281270000000002,0.000156938,0.000632304,0.01128677,0.004695608,0.0,0.029199509999999998,0.019047791,,,,
3,5,0.0,0.00024795300000000003,0.002862759,0.001902421,0.000207696,0.000495514,0.005111821,0.002204808,0.0,0.024001,0.014790786,,,,
3,6,0.0,0.000199133,0.002155901,0.000973055,0.000155908,0.000279364,0.001428384,0.00073674,0.0,0.01439717,0.008563934,,,,
3,7,0.0,5.9208000000000006e-05,0.000657585,0.00030614,5.2022e-05,9.3349e-05,0.000471437,0.000248566,0.0,0.00471153,0.002791069,,,,
4,0,1.9778e-05,0.0,0.0,0.0,0.0,0.0,0.0,0.0,0.0,0.0,0.0,,,,
4,1,0.0,2.7215e-05,0.000424325,0.00180073,2.6144e-05,0.000470305,0.015804934,0.006623901,0.0,0.0252412,0.01751379,,,,
4,2,0.0,6.2109e-05,0.00081744,0.001898659,5.1679e-05,0.00051189,0.014023812,0.006479521,0.0,0.0254393,0.016931204,,,,
4,3,0.0,0.000130135,0.00150356,0.002209486,0.00010487800000000001,0.000568646,0.012921598,0.005836887,0.0,0.02786813,0.018201054,,,,
4,4,0.0,0.000190208,0.00216753,0.002168097,0.000156118,0.000588409,0.010765204,0.004123582,0.0,0.02764942,0.018331902,,,,
4,5,0.0,5.9112e-05,0.000746628,0.000873974,5.1788e-05,0.00024009,0.004486631,0.002370814,0.0,0.01133312,0.007078826,,,,
4,6,0.0,0.000111615,0.001485279,0.00115134,0.000105204,0.000308992,0.003898997,0.00196932,0.0,0.01441365,0.008884849,,,,
4,7,0.0,0.00014615100000000002,0.001451072,0.001018946,0.000107648,0.000257944,0.002801384,0.001144415,0.0,0.0123429,0.007684428,,,,
4,8,0.0,5.7974e-05,0.000696836,0.000352721,5.2405000000000004e-05,9.4523e-05,0.000632788,0.000260506,0.0,0.00500101,0.003045137,,,,
5,0,1.9683e-05,0.0,0.0,0.0,0.0,0.0,0.0,0.0,0.0,0.0,0.0,,,,
5,1,0.0,2.6126e-05,0.000440859,0.00176388,2.6434e-05,0.000466253,0.01579623,0.006584528,0.0,0.0252253,0.017517976,,,,
5,2,0.0,5.917099999999999e-05,0.0008000570000000001,0.0019207200000000001,5.185e-05,0.000509425,0.013943868,0.006559505,0.0,0.0254595,0.016845623,,,,
5,3,0.0,0.000133998,0.001536588,0.002178087,0.00010675,0.000586037,0.012508507,0.006241511,0.0,0.02794473,0.017914922,,,,
5,4,0.0,0.000228694,0.0028625589999999998,0.002627029,0.000208371,0.000691039,0.011254735,0.005564703,0.0,0.034078040000000004,0.021298534,,,,
5,5,0.0,0.000408426,0.004745624,0.003030294,0.000364243,0.000843504,0.010144206,0.003306607,0.0,0.04230912,0.027101841,,,,
5,6,0.0,0.000114591,0.001337947,0.000764136,0.00010831,0.000219244,0.001999091,0.000664673,0.0,0.010867670000000001,0.006823505,,,,
6,0,1.9657e-05,0.0,0.0,0.0,0.0,0.0,0.0,0.0,0.0,0.0,0.0,,,,
6,1,0.0,2.6054e-05,0.000446447,0.00171757,2.62e-05,0.000467869,0.015672074,0.006571656,0.0,0.0250782,0.017396406,,,,
6,2,0.0,6.0929e-05,0.000796417,0.001893401,5.1907e-05,0.000509945,0.013922202,0.006533238,0.0,0.02543251,0.016881531,,,,
6,3,0.0,0.000130601,0.001576876,0.002226224,0.00010376,0.000586275,0.012522901,0.00626586,0.0,0.02789306,0.017887686,,,,
6,4,0.0,0.000247417,0.002885688,0.002808321,0.000208269,0.000697838,0.010955962999999999,0.004361523,0.0,0.03251271,0.020967448,,,,
6,5,0.0,0.00023186,0.002726174,0.001513751,0.000207333,0.00041865100000000003,0.003359721,0.001683854,0.0,0.02131321,0.012867159,,,,
6,6,0.0,0.000111624,0.001352337,0.000740928,0.000103688,0.000208339,0.001586644,0.000586143,0.0,0.01028828,0.006301992,,,,
7,0,1.9312e-05,0.0,0.0,0.0,0.0,0.0,0.0,0.0,0.0,0.0,0.0,,,,
7,1,0.0,3.3271e-05,0.000467857,0.001732,2.6943e-05,0.000464771,0.015476056,0.00640981,0.0,0.0247277,0.017198837,,,,
7,2,0.0,6.7982e-05,0.000803378,0.00192121,5.2178e-05,0.00050505,0.014175801,0.006375373,0.0,0.02552457,0.017141819,,,,
7,3,0.0,0.000117409,0.0014716360000000001,0.002085995,0.000104103,0.000563257,0.01349123,0.006043806,0.0,0.02854056,0.018795002,,,,
7,4,0.0,0.00011307,0.001485379,0.001995075,0.000103668,0.0005374619999999999,0.012056578,0.005327443,0.0,0.02625303,0.017239406,,,,
7,5,0.0,0.00012119,0.001503482,0.00177306,0.000104949,0.00046999,0.010191811,0.004612744,0.0,0.02360381,0.01538281,,,,
7,6,0.0,0.000120248,0.001449312,0.001692392,0.000104111,0.000451758,0.008627659,0.003197279,0.0,0.02052254,0.013782522,,,,
7,7,0.0,5.7e-05,0.000738784,0.000689364,5.2135e-05,0.00016969,0.002744348,0.001442686,0.0,0.00856309,0.005287514,,,,
7,8,0.0,0.000122837,0.001413637,0.000864601,0.00010367,0.000232824,0.002424535,0.000745941,0.0,0.01137271,0.007267482,,,,
8,0,1.9381e-05,0.0,0.0,0.0,0.0,0.0,0.0,0.0,0.0,0.0,0.0,,,,
8,1,0.0,2.7269e-05,0.000427428,0.00171622,2.6656e-05,0.000463781,0.015432652,0.006351919,0.0,0.0246167,0.017137613,,,,
8,2,0.0,6.992700000000001e-05,0.000804569,0.001905543,5.1960000000000004e-05,0.000511534,0.013900801,0.006295365,0.0,0.02518492,0.016850904,,,,
8,3,0.0,0.000119074,0.00149844,0.002189332,0.00010385,0.000565168,0.01278198,0.005745348,0.0,0.027628240000000002,0.018094335,,,,
8,4,0.0,0.000187817,0.002165165,0.002203804,0.000159088,0.000567536,0.010617537,0.004793126,0.0,0.02837529,0.018172176,,,,
8,5,0.0,0.000266131,0.002812783,0.00220632,0.000207904,0.000601225,0.008930923,0.003511174,0.0,0.02908755,0.018614145,,,,
8,6,0.0,0.00022719,0.002810675,0.0020845990000000003,0.000208452,0.000553388,0.008167604,0.002297857,0.0,0.02690201,0.0177873,,,,
9,0,1.966e-05,0.0,0.0,0.0,0.0,0.0,0.0,0.0,0.0,0.0,0.0,,,,
9,1,0.0,2.7633e-05,0.000471935,0.00178263,2.6263e-05,0.000476356,0.015444319,0.006471284,0.0,0.0247428,0.017159935,,,,
9,2,0.0,9.2862e-05,0.0008762139999999999,0.002003848,5.2189e-05,0.000518091,0.013716222,0.006383483,0.0,0.02508892,0.016666475,,,,
9,3,0.0,0.000123574,0.001544549,0.002237748,0.000104252,0.000586357,0.012507285,0.006101772,0.0,0.02771545,0.017828119,,,,
9,4,0.0,0.000236464,0.0028743049999999997,0.0026688099999999998,0.00021361200000000001,0.000689547,0.011585146,0.005234162,0.0,0.033913729999999996,0.021530949,,,,
9,5,0.0,0.000228568,0.002791133,0.002261703,0.000207099,0.000610484,0.009623849,0.002977806,0.0,0.02943596,0.019507162,,,,
9,6,0.0,5.6402e-05,0.0006770599999999999,0.000316971,5.1765e-05,8.5375e-05,0.000501308,0.000301658,0.0,0.00488343,0.002890549,,,,
9,7,0.0,5.6425e-05,0.000656027,0.000273716,5.1841e-05,7.7716e-05,0.000289808,0.000135112,0.0,0.0044212999999999995,0.002628403,,,,
10,0,2.0245e-05,0.0,0.0,0.0,0.0,0.0,0.0,0.0,0.0,0.0,0.0,,,,
10,1,0.0,2.7857e-05,0.000448376,0.00172234,2.6333e-05,0.000469121,0.015993777,0.006490148,0.0,0.0253498,0.017730441,,,,
10,2,0.0,5.7827e-05,0.000870921,0.00191545,5.1929000000000004e-05,0.000511254,0.01416135,0.006429472,0.0,0.025575399999999998,0.017112179,,,,
10,3,0.0,0.00012812,0.001615428,0.002214331,0.000103967,0.0005763329999999999,0.013130367,0.006218611,0.0,0.02846738,0.018473381,,,,
10,4,0.0,0.000236801,0.002895349,0.002625854,0.00020789500000000001,0.000684665,0.011925769,0.005384098,0.0,0.0344405,0.021956504,,,,
10,5,0.0,0.000279831,0.003487627,0.002485079,0.000259228,0.00068463,0.010457233,0.004147357,0.0,0.03522977,0.02267094,,,,
10,6,0.0,6.0416e-05,0.000745744,0.001197695,5.1583e-05,0.000311665,0.007893617,0.001786415,0.0,0.01418418,0.010566886,,,,
11,0,2.0867e-05,0.0,0.0,0.0,0.0,0.0,0.0,0.0,0.0,0.0,0.0,,,,
11,1,0.0,2.7621e-05,0.00044059,0.00172794,2.681e-05,0.00046518,0.015777388,0.006499496,0.0,0.0251242,0.017507977,,,,
11,2,0.0,5.7655e-05,0.000811357,0.001938558,5.1978e-05,0.000516704,0.013762654,0.006368787,0.0,0.025103599999999997,0.016693947,,,,
11,3,0.0,0.00011601,0.001498229,0.002177667,0.00010426000000000001,0.000583107,0.012587783,0.00593205,0.0,0.02763948,0.017938885,,,,
11,4,0.0,0.000232166,0.002861491,0.00263008,0.000207478,0.000705414,0.011284723,0.00404752,0.0,0.03246071,0.021285277,,,,
11,5,0.0,0.00017504,0.002062568,0.001300775,0.00015837,0.00035218,0.003304573,0.001467043,0.0,0.01725151,0.01062536,,,,
11,6,0.0,0.00010875300000000001,0.001341681,0.000583185,0.000103717,0.000175486,0.000744721,0.00034167,0.0,0.00915737,0.005467566,,,,
12,0,2.0001e-05,0.0,0.0,0.0,0.0,0.0,0.0,0.0,0.0,0.0,0.0,,,,
12,1,0.0,2.6344e-05,0.000434684,0.00172493,2.6264e-05,0.000469728,0.015688567,0.006454323,0.0,0.024987,0.017412976,,,,
12,2,0.0,6.0515e-05,0.000800651,0.001907651,5.2333e-05,0.000510368,0.014270603,0.006429747,0.0,0.0256619,0.017256233,,,,
12,3,0.0,0.000122221,0.001492989,0.0021847769999999997,0.000103838,0.000559145,0.013011766,0.005984801,0.0,0.02805672,0.018292396,,,,
12,4,0.0,0.000181365,0.002169683,0.0022250539999999997,0.000158086,0.000595754,0.010572519,0.005039071,0.0,0.02868825,0.018204226,,,,
12,5,0.0,0.000279534,0.003463875,0.002532981,0.000261023,0.000678914,0.009500239,0.003354211,0.0,0.033811469999999996,0.02170043,,,,
12,6,0.0,0.000116505,0.001361709,0.000733272,0.000104325,0.000206138,0.001675489,0.000888883,0.0,0.01068186,0.00641798,,,,
12,7,0.0,6.0996000000000004e-05,0.00068061,0.000518141,5.1931e-05,0.000116842,0.00129884,0.000415508,0.0,0.00579863,0.003691621,,,,
13,0,1.9988e-05,0.0,0.0,0.0,0.0,0.0,0.0,0.0,0.0,0.0,0.0,,,,
13,1,0.0,2.6358e-05,0.00045136,0.00172306,2.6266e-05,0.000466531,0.015623333,0.006444067,0.0,0.0248984,0.017334981,,,,
13,2,0.0,6.369399999999999e-05,0.000785776,0.001866487,5.1656e-05,0.000510273,0.014148455,0.005695612,0.0,0.024774070000000002,0.017086693,,,,
13,3,0.0,5.9403999999999996e-05,0.000820663,0.001604765,5.2392e-05,0.000423606,0.010127139,0.004954243,0.0,0.019881910000000003,0.012953673,,,,
13,4,0.0,0.000119105,0.001503112,0.00186577,0.000104255,0.000485394,0.008839908,0.004616533,0.0,0.02243185,0.014118221,,,,
13,5,0.0,0.000234533,0.00289749,0.002304149,0.000215611,0.000600293,0.007947311,0.003400948,0.0,0.02853995,0.018007503,,,,
13,6,0.0,0.000270541,0.002762557,0.001608967,0.000211818,0.000432438,0.003566383,0.00133468,0.0,0.021366430000000002,0.013175628,,,,
14,0,2.0284e-05,0.0,0.0,0.0,0.0,0.0,0.0,0.0,0.0,0.0,0.0,,,,
14,1,0.0,2.8723e-05,0.000487178,0.00176123,2.6757e-05,0.000464726,0.015929842,0.006663756,0.0,0.0254378,0.017655953,,,,
14,2,0.0,8.9443e-05,0.000854277,0.002068586,5.2548e-05,0.000517415,0.014165282,0.006678722,0.0,0.025998800000000002,0.017228605,,,,
14,3,0.0,0.00014988799999999999,0.001591172,0.002280256,0.000103834,0.000593885,0.01250197,0.005818078,0.0,0.02741474,0.017880339,,,,
14,4,0.0,0.00018928100000000002,0.00218838,0.002359498,0.000154957,0.000612781,0.010879891,0.004487703,0.0,0.02840919,0.018508197,,,,
14,5,0.0,0.000168315,0.002112757,0.001487301,0.000156182,0.00040582,0.004989435,0.002592921,0.0,0.0202046,0.012309604,,,,
14,6,0.0,0.000175567,0.002117145,0.001420492,0.000155457,0.000367559,0.004100929,0.0016278,0.0,0.018473629999999998,0.011415123,,,,
14,7,0.0,6.3562e-05,0.0006959620000000001,0.000422647,5.1781e-05,0.000110766,0.000986407,0.000490233,0.0,0.00554724,0.003359133,,,,
14,8,0.0,7.984800000000001e-05,0.000727798,0.000439523,5.1791e-05,0.000103773,0.000799643,0.000278426,0.0,0.00515483,0.003179179,,,,
15,0,2.1048e-05,0.0,0.0,0.0,0.0,0.0,0.0,0.0,0.0,0.0,0.0,,,,
15,1,0.0,2.9058e-05,0.000458482,0.00175247,2.6461e-05,0.000469433,0.015824935,0.00648315,0.0,0.0251291,0.017543442,,,,
15,2,0.0,6.2112e-05,0.000819036,0.001881743,5.2511e-05,0.000501291,0.014760449,0.006346347,0.0,0.02600953,0.017660376,,,,
15,3,0.0,0.000133539,0.001476116,0.002175067,0.000104467,0.000580319,0.013030215,0.006095614,0.0,0.0280711,0.018297503,,,,
15,4,0.0,0.00013102,0.001496239,0.0021012879999999998,0.00010391400000000001,0.000532914,0.011173834,0.004837109,0.0,0.02501345,0.016411927,,,,
15,5,0.0,0.000182706,0.002146093,0.0016828470000000001,0.00015816,0.000443221,0.005982215,0.002956067,0.0,0.02168514,0.013448202,,,,
15,6,0.0,0.00018393,0.00207477,0.001496174,0.000155577,0.000385514,0.00449721,0.002184588,0.0,0.01896199,0.01167416,,,,
15,7,0.0,6.5831e-05,0.000745169,0.000734958,5.1969e-05,0.000191955,0.003120801,0.001412109,0.0,0.00883988,0.005636011,,,,
15,8,0.0,6.5816e-05,0.000699725,0.00068465,5.2144e-05,0.00018314,0.002899949,0.00087636,0.0,0.00803634,0.005377794,,,,
16,0,2.007e-05,0.0,0.0,0.0,0.0,0.0,0.0,0.0,0.0,0.0,0.0,,,,
16,1,0.0,2.8388e-05,0.000447977,0.00173161,2.6098e-05,0.000473143,0.015826853,0.006584221,0.0,0.0252326,0.017541263,,,,
16,2,0.0,5.9263999999999994e-05,0.000794101,0.001899004,5.1754e-05,0.000519979,0.014061183,0.006482389,0.0,0.02550096,0.017002956,,,,
16,3,0.0,0.00012031800000000001,0.001539571,0.002202013,0.00010417,0.00057877,0.012521931,0.006254651,0.0,0.02793329,0.017885811,,,,
16,4,0.0,0.000236808,0.0028417,0.00266068,0.000207033,0.000675134,0.010836766,0.004284813,0.0,0.03230628,0.020833616,,,,
16,5,0.0,0.000288689,0.00339672,0.00177222,0.000260539,0.000467405,0.002999285,0.001577486,0.0,0.02506043,0.014927762,,,,
16,6,0.0,0.000229723,0.002688879,0.001152763,0.00020864900000000001,0.00033751100000000003,0.001266362,0.000624274,0.0,0.01795747,0.010624973,,,,
17,0,1.939e-05,0.0,0.0,0.0,0.0,0.0,0.0,0.0,0.0,0.0,0.0,,,,
17,1,0.0,2.6764e-05,0.000464356,0.00175238,2.6089e-05,0.000473163,0.015678083,0.006532998,0.0,0.025058,0.017405436,,,,
17,2,0.0,7.483e-05,0.000823796,0.001960055,5.1968e-05,0.00051818,0.014720098,0.006432012,0.0,0.02626108,0.017751403,,,,
17,3,0.0,0.00014325200000000002,0.0016511,0.002387541,0.000114837,0.000613248,0.013423722,0.00613289,0.0,0.02892053,0.018908983,,,,
17,4,0.0,0.000156526,0.001681584,0.002322132,0.000111004,0.000562287,0.010888,0.004646019,0.0,0.02511948,0.016548608,,,,
17,5,0.0,0.000231974,0.00232335,0.0019289110000000002,0.000163225,0.00043212000000000003,0.005660613,0.002837826,0.0,0.02184735,0.013482886,,,,
17,6,0.0,0.000298661,0.002991368,0.001991637,0.00022691900000000001,0.000484796,0.004429837,0.00170681,0.0,0.023815470000000002,0.01463226,,,,
17,7,0.0,0.00011477300000000001,0.001367437,0.000707904,0.000103408,0.000195202,0.001388808,0.000530268,0.0,0.010004260000000001,0.006116427,,,,
18,0,2.152e-05,0.0,0.0,0.0,0.0,0.0,0.0,0.0,0.0,0.0,0.0,,,,
18,1,0.0,3.6165e-05,0.000552466,0.00198454,2.6991e-05,0.000513445,0.016641424,0.006902872,0.0,0.0265745,0.018471537,,,,
18,2,0.0,0.000127525,0.000944584,0.0020938519999999998,5.3303e-05,0.000549496,0.015798704,0.006543938,0.0,0.02754365,0.018892281,,,,
18,3,0.0,9.7472e-05,0.000889767,0.002014847,5.2183e-05,0.000473189,0.014218156000000001,0.006404275,0.0,0.02561839,0.017195507,,,,
18,4,0.0,0.000151631,0.001682385,0.002500251,0.000122488,0.000575032,0.012264144,0.004864688,0.0,0.02685916,0.018025936,,,,
18,5,0.0,0.000144067,0.001581513,0.001577761,0.000111203,0.000377527,0.006382052,0.003206428,0.0,0.01855547,0.011636985,,,,
18,6,0.0,0.000160706,0.001708434,0.001814611,0.000104085,0.000360618,0.005456212,0.002737375,0.0,0.01739541,0.010820941,,,,
18,7,0.0,0.00018874499999999998,0.001655298,0.00154424,0.000117764,0.000325905,0.004106116,0.001748048,0.0,0.01490813,0.009404958,,,,
18,8,0.0,0.000247917,0.002299614,0.001243656,0.000175672,0.000280847,0.001249929,0.000562225,0.0,0.01448649,0.008681743,,,,
19,0,2.0835e-05,0.0,0.0,0.0,0.0,0.0,0.0,0.0,0.0,0.0,0.0,,,,
19,1,0.0,4.0617e-05,0.000567639,0.00201275,2.6882e-05,0.000512262,0.016701572,0.006900333,0.0,0.0266875,0.018589248,,,,
19,2,0.0,8.1983e-05,0.00091924,0.002162947,5.9018e-05,0.000532279,0.015969722,0.006758267,0.0,0.02797307,0.019118989,,,,
19,3,0.0,9.5167e-05,0.000970688,0.002242117,5.2316e-05,0.000505294,0.013447636,0.006345151,0.0,0.0251421,0.016604415,,,,
19,4,0.0,0.000201708,0.00172501,0.002814962,0.00010623800000000001,0.000555126,0.012639813,0.006041243,0.0,0.02828388,0.018352865,,,,
19,5,0.0,0.000352399,0.0027260130000000002,0.0034771909999999997,0.000170557,0.000615185,0.011616912,0.005094357,0.0,0.03077077,0.01979555,,,,
19,6,0.0,0.000330689,0.003228091,0.0035817180000000002,0.000222529,0.000653233,0.010863139,0.003089987,0.0,0.03204348,0.021471284,,,,
20,0,2.6889e-05,0.0,0.0,0.0,0.0,0.0,0.0,0.0,0.0,0.0,0.0,,,,
20,1,0.0,4.051e-05,0.000543094,0.00203162,3.2813e-05,0.000494875,0.016875354,0.007071362,0.0,0.0271318,0.018824796,,,,
20,2,0.0,9.5073e-05,0.0010683749999999999,0.002529043,5.2179e-05,0.000525742,0.015911075,0.006838801,0.0,0.02793688,0.01898323,,,,
20,3,0.0,0.000220602,0.001795748,0.003123051,0.000111425,0.000607599,0.014265348,0.005932154,0.0,0.02995086,0.019991985,,,,
20,4,0.0,0.00012077999999999999,0.0010429979999999998,0.0019908490000000003,5.2156e-05,0.000363165,0.008693169,0.003865972,0.0,0.01758293,0.011641507,,,,
20,5,0.0,8.695299999999999e-05,0.000944949,0.001618424,5.2854e-05,0.000295842,0.005871466,0.003281507,0.0,0.01417817,0.008843947,,,,
20,6,0.0,0.000223833,0.001896242,0.002235157,0.000111004,0.000343066,0.005038137,0.002875167,0.0,0.01708971,0.010331433,,,,
20,7,0.0,0.000344808,0.003275872,0.002846655,0.000232509,0.000480709,0.004646454,0.002118852,0.0,0.02414383,0.01488404,,,,
20,8,0.0,0.000108589,0.0007961800000000001,0.000870744,5.151e-05,0.000156854,0.002123541,0.000560832,0.0,0.00718534,0.004768425,,,,
21,0,1.9929e-05,0.0,0.0,0.0,0.0,0.0,0.0,0.0,0.0,0.0,0.0,,,,
21,1,0.0,3.9074e-05,0.000559779,0.00207804,2.6526e-05,0.000484242,0.016407945,0.006835454,0.0,0.0263635,0.018340892,,,,
21,2,0.0,0.00012837299999999999,0.0010038409999999999,0.002391502,5.2128e-05,0.000536639,0.014376304,0.006692692,0.0,0.026236250000000003,0.017457581,,,,
21,3,0.0,0.000167434,0.0016579379999999999,0.002689772,0.000105797,0.000586169,0.012660125,0.005697997,0.0,0.02757325,0.018095393,,,,
21,4,0.0,0.000219161,0.002479954,0.0031643110000000004,0.000158011,0.000624893,0.011335648,0.004582161,0.0,0.02905748,0.019020552,,,,
21,5,0.0,0.000239442,0.002206891,0.0020087580000000002,0.00015735600000000002,0.000429672,0.005382278,0.002289317,0.0,0.0203799,0.012876827,,,,
21,6,0.0,8.5027e-05,0.000828149,0.000819629,5.2073e-05,0.000146214,0.00175406,0.00104335,0.0,0.00706244,0.0042234,,,,
21,7,0.0,0.00013834899999999999,0.001428953,0.000899031,0.000104819,0.000197429,0.001481288,0.000587197,0.0,0.01026033,0.006226958,,,,
22,0,2.031e-05,0.0,0.0,0.0,0.0,0.0,0.0,0.0,0.0,0.0,0.0,,,,
22,1,0.0,3.2843e-05,0.000531618,0.00194355,2.6553e-05,0.000487223,0.01650594,0.006881703,0.0,0.0263994,0.018331319,,,,
22,2,0.0,8.1842e-05,0.0009705550000000001,0.0024253,5.8348e-05,0.000514559,0.014477728,0.006897637,0.0,0.0264736,0.017477598,,,,
22,3,0.0,0.000182898,0.001673663,0.003039295,0.00010458100000000001,0.000623905,0.013135019,0.006358553,0.0,0.02888857,0.018717101,,,,
22,4,0.0,0.000279568,0.002585598,0.0034055659999999996,0.00015735600000000002,0.000655072,0.012100855,0.005345667,0.0,0.03073453,0.019935999,,,,
22,5,0.0,0.000263362,0.002496602,0.0029255519999999997,0.000156604,0.000626937,0.011039747,0.004171735,0.0,0.02851056,0.018873728,,,,
22,6,0.0,0.000188071,0.001644637,0.001846632,0.00010392600000000001,0.000316798,0.004563604,0.001524669,0.0,0.015596369999999998,0.010428942,,,,
22,7,0.0,9.4432e-05,0.0007335810000000001,0.000649154,5.1783e-05,7.9443e-05,0.000306509,0.000160693,0.0,0.00462883,0.002796756,,,,
23,0,2.1114e-05,0.0,0.0,0.0,0.0,0.0,0.0,0.0,0.0,0.0,0.0,,,,
23,1,0.0,5.1558e-05,0.000555702,0.0020396,2.7169e-05,0.000487767,0.015945457,0.006700361,0.0,0.0256226,0.017770692,,,,
23,2,0.0,8.8538e-05,0.0009589640000000001,0.002506201,5.2845e-05,0.000512784,0.014725349,0.00662572,0.0,0.026471420000000002,0.017808674,,,,
23,3,0.0,0.000179624,0.0017772019999999999,0.002896877,0.000107042,0.000589866,0.012832594,0.006243022,0.0,0.02837951,0.018279882,,,,
23,4,0.0,0.000338433,0.00329658,0.003718546,0.000209622,0.000699616,0.011610831,0.005334069,0.0,0.03411327,0.021609476,,,,
23,5,0.0,0.000303475,0.003064058,0.002990215,0.000210076,0.000606617,0.00884287,0.003803148,0.0,0.029785469999999998,0.018993142,,,,
23,6,0.0,0.000265479,0.002309917,0.002399886,0.000156685,0.000492532,0.00775746,0.002574642,0.0,0.02302489,0.015171244,,,,
23,7,0.0,7.1937e-05,0.0006975239999999999,0.000542364,5.728e-05,0.000133672,0.001420035,0.000629651,0.0,0.00617012,0.003816503,,,,
23,8,0.0,7.1152e-05,0.000764082,0.000642144,5.2942e-05,0.000118099,0.001196395,0.000386012,0.0,0.0056869699999999995,0.003608145,,,,
24,0,2.0335e-05,0.0,0.0,0.0,0.0,0.0,0.0,0.0,0.0,0.0,0.0,,,,
24,1,0.0,3.6154e-05,0.000513585,0.00185802,2.6602e-05,0.000478172,0.015717172,0.0066356,0.0,0.025253,0.017477555,,,,
24,2,0.0,8.192e-05,0.0009790950000000001,0.002378621,5.2899e-05,0.000522443,0.014295506,0.006580728,0.0,0.0285585,0.017420085,,,,
24,3,0.0,0.000171795,0.001691237,0.002995284,0.000105478,0.000575836,0.013096389,0.006219884,0.0,0.028978039999999997,0.018610361,,,,
24,4,0.0,0.000326126,0.0029802030000000003,0.003648266,0.000207378,0.000701023,0.011898654,0.004957108,0.0,0.03401824,0.021982541,,,,
24,5,0.0,0.000214248,0.001735637,0.0023693860000000002,0.00010409300000000001,0.000352894,0.005593692,0.003183796,0.0,0.018597540000000003,0.011685852,,,,
24,6,0.0,0.000279212,0.002333238,0.002398231,0.00015753500000000002,0.00037438500000000003,0.004141865,0.001956334,0.0,0.01970299,0.012308866,,,,
24,7,0.0,0.000245425,0.00215778,0.002052616,0.000158426,0.00035058,0.003612757,0.001198857,0.0,0.01773945,0.011299813,,,,
25,0,2.1234e-05,0.0,0.0,0.0,0.0,0.0,0.0,0.0,0.0,0.0,0.0,,,,
25,1,0.0,2.905e-05,0.000543181,0.00193294,2.6839000000000002e-05,0.000466493,0.015716347,0.006502907,0.0,0.0251141,0.017479572,,,,
25,2,0.0,9.4712e-05,0.001059747,0.00245188,5.2221e-05,0.000503435,0.014388758,0.006468991,0.0,0.0258509,0.017372707,,,,
25,3,0.0,0.000212783,0.001805975,0.0030191799999999998,0.000104308,0.000585039,0.013471208,0.006259446,0.0,0.02900753,0.018904547,,,,
25,4,0.0,0.000339911,0.003104433,0.003584617,0.000208908,0.000690196,0.011893592,0.005542569,0.0,0.03454763,0.021914006,,,,
25,5,0.0,0.000166355,0.001642779,0.0023004619999999996,0.000104914,0.000467509,0.009529073,0.004272127,0.0,0.02264316,0.014728769,,,,
25,6,0.0,0.000151395,0.001574068,0.0020296890000000003,0.000105687,0.000416123,0.008329234,0.002491194,0.0,0.01965874,0.013536911,,,,
25,7,0.0,7.9755e-05,0.000752823,0.000643401,5.1998e-05,0.000106621,0.000847288,0.000325426,0.0,0.0052803699999999995,0.003266502,,,,
26,0,2.1011e-05,0.0,0.0,0.0,0.0,0.0,0.0,0.0,0.0,0.0,0.0,,,,
26,1,0.0,4.1002e-05,0.000571192,0.00202434,2.6735e-05,0.000472951,0.015585201,0.006475546,0.0,0.0249805,0.017362526,,,,
26,2,0.0,9.9594e-05,0.001014165,0.0024387000000000002,5.2255e-05,0.000506909,0.013607052,0.006226533,0.0,0.024820500000000002,0.016544532,,,,
26,3,0.0,0.000183132,0.001728603,0.003018017,0.000105033,0.000579463,0.012418551,0.006018841,0.0,0.02768162,0.017830861,,,,
26,4,0.0,0.000356163,0.0031770319999999998,0.003847422,0.0002081,0.000708134,0.010796843,0.004475352,0.0,0.03236929,0.020819809,,,,
26,5,0.0,0.000353535,0.003724132,0.002920385,0.00026352900000000003,0.0005238350000000001,0.004281156,0.002125872,0.0,0.0267636,0.016182833,,,,
26,6,0.0,0.000232986,0.002277446,0.001968409,0.000157037,0.000352889,0.003348533,0.001193291,0.0,0.01705593,0.010677715,,,,
27,0,2.1452e-05,0.0,0.0,0.0,0.0,0.0,0.0,0.0,0.0,0.0,0.0,,,,
27,1,0.0,3.3341e-05,0.000527889,0.00193083,2.6354e-05,0.000474279,0.015938059,0.00657438,0.0,0.0253609,0.017677465,,,,
27,2,0.0,8.9314e-05,0.0009309780000000001,0.002228369,5.2529e-05,0.000509263,0.01473064,0.006509931,0.0,0.02616386,0.017643391,,,,
27,3,0.0,0.00014970899999999999,0.001608541,0.0025885409999999998,0.000104283,0.000577428,0.012834451,0.005947576,0.0,0.02800923,0.018218661,,,,
27,4,0.0,0.00025253,0.00237757,0.002990838,0.00015637300000000002,0.000595786,0.011214662,0.004476455,0.0,0.028872050000000003,0.019049263,,,,
27,5,0.0,0.000158614,0.001547193,0.001906015,0.00010553900000000001,0.000343252,0.005248969,0.002732056,0.0,0.01670924,0.010355207,,,,
27,6,0.0,0.000198228,0.0014705949999999999,0.00170992,0.000105117,0.00029577900000000003,0.004013426,0.001567543,0.0,0.014288619999999998,0.009107483,,,,
27,7,0.0,0.000135116,0.001442283,0.001129214,0.000109443,0.00017858,0.000851191,0.000479332,0.0,0.00955948,0.005597598,,,,
27,8,0.0,7.134e-05,0.000679847,0.000331941,5.2296e-05,7.3316e-05,0.00019244,9.2863e-05,0.0,0.00428762,0.002545548,,,,
28,0,2.0927e-05,0.0,0.0,0.0,0.0,0.0,0.0,0.0,0.0,0.0,0.0,,,,
28,1,0.0,4.6884e-05,0.000510453,0.00196614,2.6892e-05,0.000470968,0.016001029,0.006682238,0.0,0.0256584,0.017821018,,,,
28,2,0.0,0.000115377,0.001075784,0.0024747600000000003,5.2158e-05,0.000557099,0.014424342,0.006436613,0.0,0.0260492,0.017525767,,,,
28,3,0.0,0.000177822,0.001755361,0.0029576710000000003,0.000104911,0.000589642,0.012947303,0.006018925,0.0,0.02824299,0.018429197,,,,
28,4,0.0,0.000251534,0.002423665,0.003544886,0.000156352,0.000643983,0.011830426,0.004563082,0.0,0.029803999999999997,0.019761279,,,,
28,5,0.0,0.000195198,0.001631255,0.001892689,0.000104696,0.000307159,0.004239802,0.002220975,0.0,0.01513339,0.009405564,,,,
28,6,0.0,0.000192196,0.001662661,0.001975443,0.000104644,0.000282099,0.003501657,0.001557475,0.0,0.0136705,0.008547933,,,,
28,7,0.0,0.00020533,0.001555476,0.001329883,0.000104896,0.00020136,0.001279581,0.000474709,0.0,0.00996531,0.006083367,,,,
29,0,2.0943e-05,0.0,0.0,0.0,0.0,0.0,0.0,0.0,0.0,0.0,0.0,,,,
29,1,0.0,3.7921e-05,0.000556184,0.00197762,2.6748e-05,0.0004784,0.015829183,0.006509215,0.0,0.0252278,0.017584896,,,,
29,2,0.0,0.000112564,0.000985558,0.0024068099999999997,5.2103e-05,0.000504723,0.014702316,0.006425259,0.0,0.0261406,0.017658983,,,,
29,3,0.0,0.000173325,0.001757597,0.002684241,0.00010381,0.000583871,0.01301758,0.005877374,0.0,0.02790547,0.018284222,,,,
29,4,0.0,0.00016717700000000002,0.001651068,0.0025592650000000002,0.000104617,0.000517281,0.011003754,0.004644256,0.0,0.02464314,0.016238061,,,,
29,5,0.0,0.000186696,0.001598055,0.0020753539999999997,0.000105201,0.000369189,0.006109131,0.003178167,0.0,0.018110670000000002,0.011264347,,,,
29,6,0.0,0.000272463,0.00240911,0.002331748,0.0001717,0.000381868,0.004618357,0.001731777,0.0,0.01904147,0.012086446,,,,
29,7,0.0,8.920299999999999e-05,0.00075139,0.0007951340000000001,5.2233e-05,0.000112525,0.00094422,0.000503491,0.0,0.005676489999999999,0.00340246,,,,
29,8,0.0,9.763400000000001e-05,0.0007592440000000001,0.000441534,5.4068e-05,8.3417e-05,0.000303159,0.000145813,0.0,0.00439133,0.002638044,,,,
30,0,2.0078e-05,0.0,0.0,0.0,0.0,0.0,0.0,0.0,0.0,0.0,0.0,,,,
30,1,0.0,2.6717e-05,0.000617675,0.00201808,2.6395e-05,0.000464563,0.015738539,0.006503125,0.0,0.0251411,0.017455732,,,,
30,2,0.0,0.000188081,0.00122528,0.0026417100000000002,5.7658e-05,0.000552004,0.014897838,0.006906461,0.0,0.0273149,0.018145936,,,,
30,3,0.0,0.000298297,0.003161296,0.0049199429999999995,0.00014148,0.000844976,0.018075221,0.009105001,0.0,0.03958444,0.025500433,,,,
30,4,0.0,0.000451409,0.004774416,0.005631443,0.000245516,0.00074945,0.011683663,0.007228868,0.0,0.03794406,0.023022153,,,,
30,5,0.0,0.0008686880000000001,0.008706535,0.006863584,0.000408128,0.000995315,0.011753679,0.004977253,0.0,0.04946904,0.031496138,,,,
30,6,0.0,0.000547572,0.0052155,0.002793471,0.000252638,0.000461591,0.002464592,0.000966128,0.0,0.022914359999999998,0.014164958,,,,
31,0,2.0376e-05,0.0,0.0,0.0,0.0,0.0,0.0,0.0,0.0,0.0,0.0,,,,
31,1,0.0,3.0477e-05,0.000519521,0.00192924,2.6659e-05,0.000465809,0.015792027,0.006563032,0.0,0.025166,0.017508169,,,,
31,2,0.0,0.000105665,0.00100002,0.00243438,5.539e-05,0.000525761,0.014232477,0.006662334,0.0,0.02605682,0.017293011,,,,
31,3,0.0,0.000189108,0.001692151,0.003033691,0.000110265,0.000588731,0.013094179,0.006371958,0.0,0.02882915,0.018587375,,,,
31,4,0.0,0.000303988,0.0035196669999999998,0.00394052,0.000216373,0.000713233,0.012114776,0.005665057,0.0,0.03498355,0.022219431,,,,
31,5,0.0,0.000241439,0.002458672,0.0030367519999999998,0.000157506,0.000557428,0.010302132,0.004721605,0.0,0.02824823,0.017970913,,,,
31,6,0.0,0.000338677,0.003104905,0.002754993,0.000208638,0.000552104,0.008280272,0.003648191,0.0,0.02893288,0.018246925,,,,
31,7,0.0,0.000119964,0.000911159,0.0014965679999999998,5.2161e-05,0.000299871,0.006873245,0.001969385,0.0,0.01343598,0.009567547,,,,
31,8,0.0,7.403100000000001e-05,0.0007248039999999999,0.000530793,5.2709e-05,0.000108678,0.000799695,0.000260783,0.0,0.00522045,0.003207775,,,,
32,0,2.1493e-05,0.0,0.0,0.0,0.0,0.0,0.0,0.0,0.0,0.0,0.0,,,,
32,1,0.0,5.5165e-05,0.000537421,0.00192162,2.6754e-05,0.000472464,0.015807896,0.006595658,0.0,0.0252854,0.017556649,,,,
32,2,0.0,9.0112e-05,0.000956531,0.002292943,5.2375e-05,0.000522163,0.014049991,0.006546905,0.0,0.025638170000000002,0.017055173,,,,
32,3,0.0,0.000200858,0.001623684,0.002686838,0.000105964,0.000577052,0.012926264,0.006305681,0.0,0.02849073,0.018335523,,,,
32,4,0.0,0.000309467,0.003163498,0.003483963,0.00021145000000000002,0.000731132,0.011459838,0.004745856,0.0,0.03345491,0.021656326,,,,
32,5,0.0,0.00023714599999999998,0.0023929249999999997,0.002398288,0.000158323,0.000506945,0.008021683,0.002663527,0.0,0.02370215,0.015605224,,,,
32,6,0.0,0.000251652,0.002345804,0.001332665,0.00015882600000000001,0.00026619,0.001503268,0.00058347,0.0,0.014307760000000001,0.008594568,,,,
33,0,2.1393e-05,0.0,0.0,0.0,0.0,0.0,0.0,0.0,0.0,0.0,0.0,,,,
33,1,0.0,5.2459e-05,0.000573985,0.00194476,2.6366e-05,0.000472725,0.015770107,0.006689512,0.0,0.0253247,0.017498193,,,,
33,2,0.0,8.4822e-05,0.000950062,0.002212078,5.2192e-05,0.000516864,0.014014979,0.006488375,0.0,0.02549221,0.016975812,,,,
33,3,0.0,0.000135415,0.0016122649999999999,0.002529467,0.000104174,0.000595645,0.012951819,0.00622225,0.0,0.028338099999999998,0.018333837,,,,
33,4,0.0,0.000250054,0.002957146,0.002906157,0.000208993,0.000687116,0.012093614,0.005441316,0.0,0.03458094,0.022067453,,,,
33,5,0.0,0.000248098,0.002246098,0.0025655879999999997,0.000156556,0.000561876,0.010305336,0.003801976,0.0,0.02700932,0.017818052,,,,
33,6,0.0,0.000218612,0.002269621,0.001924575,0.000157106,0.000478773,0.008313381,0.002161724,0.0,0.02301754,0.015635503,,,,
34,0,2.0437e-05,0.0,0.0,0.0,0.0,0.0,0.0,0.0,0.0,0.0,0.0,,,,
34,1,0.0,3.751e-05,0.000499321,0.00185825,2.6409e-05,0.000471576,0.015498168,0.006479746,0.0,0.024828,0.01722498,,,,
34,2,0.0,9.2247e-05,0.001222033,0.002481255,5.9245e-05,0.000595848,0.015661419,0.007658345,0.0,0.0290659,0.019090423,,,,
34,3,0.0,0.00030606199999999996,0.004008834,0.00582335,0.0001779,0.001019837,0.021954289,0.012713511,0.0,0.05154194,0.032398495,,,,
34,4,0.0,0.000644231,0.0061420269999999996,0.006977278,0.000270595,0.001057174,0.018077043,0.010127139,0.0,0.05591906,0.034932873,,,,
34,5,0.0,0.001006036,0.009441446,0.007686009,0.000556566,0.001309711,0.016098626,0.006861936,0.0,0.06756928,0.042872958,,,,
34,6,0.0,0.000367481,0.003690598,0.002631269,0.000167003,0.000537633,0.005049521,0.00164298,0.0,0.02104568,0.013575738,,,,
35,0,1.9827e-05,0.0,0.0,0.0,0.0,0.0,0.0,0.0,0.0,0.0,0.0,,,,
35,1,0.0,2.6244e-05,0.000424552,0.00173392,2.6361e-05,0.000463622,0.015585708,0.00648139,0.0,0.0248748,0.017289756,,,,
35,2,0.0,6.1145e-05,0.0007921600000000001,0.001856807,5.1884e-05,0.000503617,0.014359117,0.00641412,0.0,0.02570843,0.017317802,,,,
35,3,0.0,0.000110065,0.001634248,0.002275997,0.000103541,0.000571676,0.012690428,0.005793231,0.0,0.02751938,0.018001665,,,,
35,4,0.0,0.000126213,0.001545867,0.0020216690000000002,0.000103675,0.000493015,0.010097546,0.004810105,0.0,0.02372423,0.0152719,,,,
35,5,0.0,0.000198634,0.002283628,0.002349772,0.00015489,0.000535414,0.009218293,0.003272332,0.0,0.025308129999999998,0.016679785,,,,
35,6,0.0,0.000181313,0.002113565,0.001278239,0.000156347,0.000298473,0.001906722,0.00108328,0.0,0.015191439999999999,0.008991921,,,,
35,7,0.0,0.000119718,0.001365266,0.0008361989999999999,0.000103402,0.000187326,0.001223616,0.000477001,0.0,0.009633909999999999,0.005815913,,,,
36,0,1.9709e-05,0.0,0.0,0.0,0.0,0.0,0.0,0.0,0.0,0.0,0.0,,,,
36,1,0.0,2.9116e-05,0.000487319,0.00181279,2.6444e-05,0.000470022,0.015501621,0.006452363,0.0,0.0247886,0.017209359,,,,
36,2,0.0,6.8246e-05,0.0008207329999999999,0.0020067970000000003,5.1997000000000004e-05,0.000514687,0.013668422,0.006424932,0.0,0.025033100000000003,0.01658639,,,,
36,3,0.0,0.000119521,0.001518072,0.00219512,0.00010422,0.000569529,0.012593126,0.005998011,0.0,0.027600700000000002,0.017839668,,,,
36,4,0.0,0.00021800900000000002,0.002765901,0.002513399,0.000207412,0.000694338,0.011816996,0.005525201,0.0,0.03415773,0.021582593,,,,
36,5,0.0,0.000159762,0.002086779,0.002032673,0.000158628,0.000560416,0.009785778,0.00385976,0.0,0.02641214,0.017258634,,,,
36,6,0.0,0.000109174,0.001393118,0.001432692,0.00010362,0.000395016,0.00743574,0.002228296,0.0,0.01828497,0.012459362,,,,
36,7,0.0,5.2617e-05,0.000676019,0.000361981,5.1801e-05,9.6966e-05,0.000643808,0.000314789,0.0,0.0050685,0.00303234,,,,
36,8,0.0,5.1246000000000004e-05,0.000650509,0.00021902199999999998,5.1758e-05,7.4471e-05,0.000172237,7.967900000000001e-05,0.0,0.004179759999999999,0.002471794,,,,
37,0,2.136e-05,0.0,0.0,0.0,0.0,0.0,0.0,0.0,0.0,0.0,0.0,,,,
37,1,0.0,2.7024e-05,0.000466523,0.00173587,2.6275000000000002e-05,0.000472309,0.015727216,0.006545766,0.0,0.0251016,0.017444553,,,,
37,2,0.0,5.4439e-05,0.0008058550000000001,0.0018726850000000002,5.2262e-05,0.000507944,0.014569016,0.006480042,0.0,0.02598578,0.017504188,,,,
37,3,0.0,0.000105888,0.001480523,0.002128982,0.000103902,0.000569799,0.012935641,0.00580176,0.0,0.02776844,0.018197235,,,,
37,4,0.0,0.000168073,0.0021715750000000002,0.002336337,0.000157814,0.000635139,0.011531294,0.004829241,0.0,0.02943833,0.01917712,,,,
37,5,0.0,0.00012202500000000001,0.001544918,0.001626656,0.000104469,0.000366439,0.005880514,0.003029279,0.0,0.017669980000000002,0.011001652,,,,
37,6,0.0,0.000184582,0.002172927,0.001625898,0.00015765,0.000411511,0.004896537,0.002177226,0.0,0.01989343,0.01236238,,,,
37,7,0.0,0.000111817,0.0013917930000000001,0.000776969,0.000103877,0.000217675,0.001770632,0.000706315,0.0,0.010673450000000001,0.00659198,,,,
38,0,2.0964e-05,0.0,0.0,0.0,0.0,0.0,0.0,0.0,0.0,0.0,0.0,,,,
38,1,0.0,2.593e-05,0.000435883,0.00171835,2.6302e-05,0.000466036,0.015708538,0.00657464,0.0,0.0251243,0.017432773,,,,
38,2,0.0,5.5541e-05,0.0008025420000000001,0.001879157,5.1846e-05,0.000516905,0.014196599,0.006520171,0.0,0.02569113,0.01716136,,,,
38,3,0.0,0.000127474,0.0016235099999999999,0.002359586,0.000106095,0.000577012,0.012404224,0.005783345,0.0,0.02727197,0.017707533,,,,
38,4,0.0,0.000252734,0.0029238750000000003,0.002821201,0.000207513,0.00071019,0.011095828,0.004097154,0.0,0.03228545,0.021104216,,,,
38,5,0.0,0.000108869,0.00147646,0.001125725,0.000104521,0.000265421,0.003210808,0.00171873,0.0,0.01324179,0.008119934,,,,
38,6,0.0,8.0078e-05,0.0007937879999999999,0.000855861,5.2001e-05,0.000172058,0.002236126,0.001314922,0.0,0.00788494,0.0047506,,,,
38,7,0.0,0.000140773,0.0014444990000000001,0.001093214,0.000111654,0.000223998,0.001947349,0.000907581,0.0,0.01107997,0.006743019,,,,
38,8,0.0,7.2714e-05,0.000694141,0.000574125,5.144e-05,0.000128199,0.001358816,0.000494279,0.0,0.00594196,0.003717899,,,,
39,0,1.9738e-05,0.0,0.0,0.0,0.0,0.0,0.0,0.0,0.0,0.0,0.0,,,,
39,1,0.0,3.5651e-05,0.000537283,0.00187126,2.668e-05,0.000470374,0.015929751,0.006649522,0.0,0.0254328,0.017665282,,,,
39,2,0.0,6.404800000000001e-05,0.000840779,0.001974348,5.1981e-05,0.000522339,0.014266579,0.006580397,0.0,0.02587073,0.017258547,,,,
39,3,0.0,0.000261246,0.003438068,0.004838452,0.000152388,0.000893463,0.017947275,0.009951785,0.0,0.04117646,0.025827296,,,,
39,4,0.0,0.000782311,0.006905146,0.007909957,0.000301657,0.001191577,0.021524861,0.0091958,0.0,0.060317449999999995,0.039497192,,,,
39,5,0.0,0.000564546,0.0060178770000000005,0.004266747,0.00034554,0.000738853,0.007645537,0.004036241,0.0,0.04005536,0.024376454999999998,,,,
39,6,0.0,0.00034245500000000003,0.0036183839999999997,0.002591345,0.000177307,0.000394229,0.004039121,0.001326276,0.0,0.02129246,0.01338798,,,,
40,0,2.1015e-05,0.0,0.0,0.0,0.0,0.0,0.0,0.0,0.0,0.0,0.0,,,,
40,1,0.0,3.5391e-05,0.00053809,0.00189065,2.6739e-05,0.000467674,0.015687101,0.006626338,0.0,0.025171,0.017399223,,,,
40,2,0.0,7.3929e-05,0.0008023279999999999,0.001937167,5.2061e-05,0.000509878,0.013801411,0.006425593,0.0,0.02521305,0.016749779,,,,
40,3,0.0,0.000119015,0.00162693,0.002598268,0.0001061,0.00058515,0.012153666,0.005702818,0.0,0.02715305,0.017610833,,,,
40,4,0.0,0.000210572,0.002332311,0.002441113,0.000157005,0.000519519,0.007866841,0.004173298,0.0,0.02504799,0.015451314,,,,
40,5,0.0,0.000348517,0.0036494270000000002,0.002959668,0.000260843,0.000594938,0.006252608,0.002460366,0.0,0.02926296,0.018301802,,,,
40,6,0.0,0.000180091,0.002156671,0.001189573,0.00015845,0.000234354,0.000717695,0.000415938,0.0,0.01296056,0.007673127,,,,
41,0,2.0628e-05,0.0,0.0,0.0,0.0,0.0,0.0,0.0,0.0,0.0,0.0,,,,
41,1,0.0,4.2032e-05,0.000592051,0.00194927,2.6694e-05,0.000471606,0.015812673,0.006609924,0.0,0.0252705,0.017551357,,,,
41,2,0.0,9.8588e-05,0.0009461370000000001,0.00230479,5.1942e-05,0.000518135,0.014187199,0.006570561,0.0,0.025793860000000002,0.017175176,,,,
41,3,0.0,0.000176531,0.001649397,0.002717114,0.000104545,0.000585515,0.012649776,0.006298483,0.0,0.02811155,0.01798141,,,,
41,4,0.0,0.00025486300000000003,0.00307308,0.00333928,0.000211742,0.000699704,0.01158009,0.005252743,0.0,0.03392105,0.021481527,,,,
41,5,0.0,0.000405594,0.004374811,0.0034787050000000003,0.000312329,0.00076103,0.009823367,0.002995645,0.0,0.037663340000000003,0.024172582,,,,
41,6,0.0,7.9222e-05,0.000742773,0.00048832,5.2342e-05,7.818300000000001e-05,0.000212565,0.000141734,0.0,0.00440222,0.002569915,,,,
42,0,2.1513e-05,0.0,0.0,0.0,0.0,0.0,0.0,0.0,0.0,0.0,0.0,,,,
42,1,0.0,2.7556e-05,0.000456472,0.00173972,2.6433e-05,0.000467566,0.015416093,0.00639068,0.0,0.0246484,0.017129906,,,,
42,2,0.0,6.131000000000001e-05,0.0012338499999999999,0.00246136,6.4192e-05,0.000610675,0.016060246,0.007907188,0.0,0.0300874,0.019764379,,,,
42,3,0.0,0.000334186,0.004497862,0.006208106,0.000178804,0.000893518,0.018318672,0.010461672,0.0,0.04634901,0.028713746,,,,
42,4,0.0,0.000657017,0.007891801,0.006875222,0.00035647799999999997,0.001083383,0.015981537,0.008557141,0.0,0.05833763,0.035494318,,,,
42,5,0.0,0.000970417,0.011113916,0.0073747529999999995,0.000532718,0.001237416,0.013777015,0.004581472,0.0,0.06463283,0.042113291,,,,
42,6,0.0,0.000262076,0.00280861,0.001039926,0.000126996,0.000198142,0.000369119,0.000184273,0.0,0.010451970000000001,0.006255299,,,,
43,0,4.6569e-05,0.0,0.0,0.0,0.0,0.0,0.0,0.0,0.0,0.0,0.0,,,,
43,1,0.0,0.000115442,0.00737541,0.00590158,6.3888e-05,0.001237802,0.038859925000000003,0.019870362,0.0,0.0695412,0.045440624,,,,
43,2,0.0,0.00045691099999999995,0.00882946,0.00713515,0.000126232,0.001351369,0.034215019,0.019519431,0.0,0.0740328,0.046747595,,,,
43,3,0.0,0.000494127,0.007955948000000001,0.00792525,0.00021428499999999999,0.001407217,0.031151581,0.017859452,0.0,0.07752752,0.048966415,,,,
43,4,0.0,0.00084549,0.009695168,0.00906426,0.000373953,0.001302595,0.02167732,0.01143649,0.0,0.07203185,0.04395401,,,,
43,5,0.0,0.000747133,0.007502175,0.0051846029999999994,0.000355085,0.000910613,0.011402384,0.004902288,0.0,0.04623577,0.029326531,,,,
43,6,0.0,0.000417498,0.003444851,0.002955502,0.000178985,0.000505757,0.007678765,0.002007551,0.0,0.02413737,0.016363586,,,,
44,0,2.3563e-05,0.0,0.0,0.0,0.0,0.0,0.0,0.0,0.0,0.0,0.0,,,,
44,1,0.0,2.615e-05,0.000456315,0.00176692,2.6214e-05,0.000466139,0.015297947,0.006270727,0.0,0.0243995,0.017023692,,,,
44,2,0.0,8.498699999999999e-05,0.0010528310000000002,0.00234934,5.2527e-05,0.000512551,0.013477589,0.006205099,0.0,0.024701800000000003,0.016427076,,,,
44,3,0.0,0.00017673,0.001728011,0.002475777,0.000104183,0.000582778,0.012128424,0.00586768,0.0,0.02711868,0.017488165,,,,
44,4,0.0,0.000296789,0.003045361,0.002967846,0.00020939100000000002,0.000699185,0.010848765,0.004016367,0.0,0.032012189999999996,0.020847622,,,,
44,5,0.0,0.000206936,0.002194464,0.00125476,0.000163768,0.000280258,0.001703855,0.001067333,0.0,0.01514914,0.008973569,,,,
44,6,0.0,0.000105535,0.0013761910000000001,0.000596383,0.000104462,0.00017115,0.000833141,0.000384004,0.0,0.00930607,0.005535933,,,,
45,0,2.1789e-05,0.0,0.0,0.0,0.0,0.0,0.0,0.0,0.0,0.0,0.0,,,,
45,1,0.0,2.6416e-05,0.000436531,0.0017296,2.6714000000000002e-05,0.000470925,0.015602551,0.006516784,0.0,0.0249627,0.017322282,,,,
45,2,0.0,5.9014e-05,0.0008106509999999999,0.001913361,5.277e-05,0.000510299,0.014559345,0.006400198,0.0,0.02595965,0.017510269,,,,
45,3,0.0,0.000122016,0.00157231,0.002245127,0.000104534,0.000554602,0.014007392,0.005944823,0.0,0.02891565,0.019316649,,,,
45,4,0.0,5.3461e-05,0.0007758509999999999,0.001584134,5.2131e-05,0.000428648,0.011388797,0.005195079,0.0,0.02139974,0.014208084,,,,
45,5,0.0,0.000107773,0.001484342,0.001886155,0.000104488,0.000496946,0.010053301,0.004814704,0.0,0.02392221,0.015335266,,,,
45,6,0.0,0.00022865,0.002842541,0.00228916,0.000213468,0.000611251,0.008941053,0.003358253,0.0,0.02917942,0.018797008,,,,
45,7,0.0,0.000170644,0.002113085,0.0010289750000000001,0.00015615600000000001,0.000280738,0.002037733,0.000920554,0.0,0.01525196,0.009206645,,,,
45,8,0.0,5.1715e-05,0.000683538,0.000293508,5.2096000000000004e-05,8.38e-05,0.000326975,0.000190449,0.0,0.00455815,0.002684417,,,,
45,9,0.0,5.1569e-05,0.000669292,0.000216443,5.9905e-05,7.4243e-05,0.0001788,8.175e-05,0.0,0.0042311399999999996,0.002512668,,,,
46,0,2.0514e-05,0.0,0.0,0.0,0.0,0.0,0.0,0.0,0.0,0.0,0.0,,,,
46,1,0.0,3.5182e-05,0.000479113,0.00178121,2.6449e-05,0.000468059,0.015487185,0.006431675,0.0,0.0247564,0.017211398,,,,
46,2,0.0,7.851200000000001e-05,0.0009219160000000001,0.002256974,5.286e-05,0.000529707,0.013769066,0.006495966,0.0,0.0253671,0.016780996,,,,
46,3,0.0,0.000300446,0.0029831320000000003,0.003491794,0.000151184,0.000632112,0.012823578,0.006332933,0.0,0.031234579999999998,0.020008372,,,,
46,4,0.0,0.000287628,0.002462152,0.003524233,0.000156162,0.000629955,0.010973514,0.004931039,0.0,0.029115460000000003,0.018617827,,,,
46,5,0.0,0.000471281,0.004910374,0.004083163,0.000297493,0.000733742,0.009003977,0.003262842,0.0,0.03620527,0.023152252,,,,
46,6,0.0,0.00039380899999999996,0.004796401,0.002517475,0.000248597,0.000424195,0.002345649,0.000993201,0.0,0.02282735,0.013680197,,,,
47,0,4.7733e-05,0.0,0.0,0.0,0.0,0.0,0.0,0.0,0.0,0.0,0.0,,,,
47,1,0.0,0.000135645,0.00538453,0.00377827,4.7762e-05,0.000885318,0.028547739,0.013968285,0.0,0.0479005,0.031923957,,,,
47,2,0.0,0.000101991,0.000954524,0.002300217,5.3038e-05,0.00050695,0.014524295,0.006524495,0.0,0.02602845,0.017502425,,,,
47,3,0.0,0.000167159,0.001694809,0.002709434,0.000104568,0.000574869,0.012724191,0.005943438,0.0,0.02779137,0.018071432,,,,
47,4,0.0,0.000236068,0.002427823,0.002811994,0.000157484,0.000604503,0.010799171,0.005108717,0.0,0.029044860000000002,0.018495304,,,,
47,5,0.0,0.000252414,0.002284432,0.002646041,0.000156746,0.0005511720000000001,0.009536833,0.00332273,0.0,0.02573694,0.017055814,,,,
47,6,0.0,0.000146852,0.001467597,0.001126884,0.000104151,0.000215831,0.001672646,0.000876912,0.0,0.01077499,0.00649027,,,,
47,7,0.0,5.8267e-05,0.000790057,0.000495471,5.2398e-05,8.2858e-05,0.000379502,0.000201147,0.0,0.00463356,0.00275977,,,,
47,8,0.0,8.8953e-05,0.000701739,0.000360795,5.1893e-05,7.6721e-05,0.000181733,8.299800000000001e-05,0.0,0.0041601799999999994,0.00247734,,,,
48,0,2.0722e-05,0.0,0.0,0.0,0.0,0.0,0.0,0.0,0.0,0.0,0.0,,,,
48,1,0.0,2.7029e-05,0.00276605,0.00348353,4.4941e-05,0.000851373,0.026658068,0.013063636,0.0,0.0449255,0.029974756,,,,
48,2,0.0,0.000200096,0.004790592,0.00391747,8.8895e-05,0.000811647,0.020196309,0.010634164,0.0,0.039179599999999995,0.025305352,,,,
48,3,0.0,0.000317214,0.001890519,0.002998822,0.000107292,0.00058016,0.01286923,0.006223369,0.0,0.02855357,0.01839151,,,,
48,4,0.0,0.00024750900000000003,0.002523342,0.003111674,0.000156127,0.000616209,0.010901437,0.004923563,0.0,0.02889554,0.018534875,,,,
48,5,0.0,0.000231437,0.00285127,0.002386741,0.000209393,0.000595304,0.00835639,0.003271674,0.0,0.02859049,0.018273568,,,,
48,6,0.0,0.00015896200000000001,0.002053443,0.001162238,0.000155899,0.000315792,0.0025285250000000002,0.000997239,0.0,0.01595775,0.009763621,,,,
48,7,0.0,5.1957000000000004e-05,0.000653704,0.000239167,5.2074e-05,7.2848e-05,0.000180303,0.000102443,0.0,0.0042637,0.002528209,,,,
49,0,2.0084e-05,0.0,0.0,0.0,0.0,0.0,0.0,0.0,0.0,0.0,0.0,,,,
49,1,0.0,3.476e-05,0.000491322,0.0018747,2.6492e-05,0.000475985,0.015646048,0.00648009,0.0,0.0250175,0.017393194,,,,
49,2,0.0,7.4888e-05,0.000908871,0.00215468,5.2588e-05,0.000521241,0.013827762,0.006374224,0.0,0.0252275,0.016777849,,,,
49,3,0.0,0.000162709,0.001646741,0.002659368,0.000108628,0.000578986,0.012631904,0.00609269,0.0,0.027926939999999997,0.0180166,,,,
49,4,0.0,0.000278996,0.003215014,0.003496325,0.000212937,0.000702387,0.011255782,0.00475988,0.0225987,0.03303675,0.021190841,,,,
49,5,0.0,0.000330249,0.003669696,0.002884917,0.000263324,0.000662412,0.008821459,0.002818186,0.0,0.032248849999999996,0.020912995,,,,
49,6,0.0,5.7126e-05,0.000691226,0.00040529300000000004,5.2323e-05,9.9771e-05,0.000700151,0.000348769,0.0,0.0052582,0.003134187,,,,
49,7,0.0,6.2957e-05,0.0007282230000000001,0.000357389,5.1814e-05,7.5364e-05,0.000181081,8.7114e-05,0.0,0.00419718,0.002483194,,,,
